p,community
browser-sync-ui,0
cordova-lib,1
sails,1
sinopia,1
cordova-serve,1
weinre,1
node-inspector,1
foxy,1
browser-sync,1
karma,1
skipper,1
helmet,1
tiny-lr,1
mini-lr,1
superagent,1
request,1
npm,1
npm-registry-client,1
node-gyp,1
node-pre-gyp,1
jsdom,1
insight,1
less,1
localtunnel,1
phantomjs,1
uncss,1
phantomjs-prebuilt,1
request-promise,1
koa,1
serve-index,1
compression,1
engine.io,1
express,1
body-parser,1
multer,1
hapi,2
accepts,1
type-is,3
form-data,1
send,1
http-assert,4
serve-static,1
connect,1
finalhandler,1
morgan,1
broccoli-merge-trees,1
broccoli-persistent-filter,1
async-disk-cache,1
babel-core,1
i18n,1
nock,1
gulp-livereload,1
stylus,1
extract-zip,1
eslint,1
engine.io-client,5
socket.io-adapter,1
socket.io-client,1
mocha,1
mquery,6
pm2-axon-rpc,1
array-index,1
pmx,1
pm2-axon,7
tar-pack,1
pm2,1
socket.io-parser,1
socket.io,1
win-detect-browsers,1
skipper-disk,1
machine,1
method-override,1
nodemon,1
yeoman-environment,1
yeoman-generator,1
resp-modifier,1
spdy,1
spdy-transport,1
express-session,1
babel-traverse,1
gm,8
retry-as-promised,1
broccoli-funnel,1
fs-tree-diff,1
supertest,9
http-server,1
grunt-contrib-less,1
gulp-less,1
node-libs-browser,1
fullname,1
transformers,1
css-parse,1
browserify-des,1
elliptic,1
parse-asn1,1
browserify-aes,1
create-hash,1
forever-monitor,1
watchify,1
gulp-watch,1
watchpack,1
browserify-cipher,1
crypto-browserify,1
browserify-sign,1
create-ecdh,1
browserify,1
pbkdf2,1
public-encrypt,1
create-hmac,1
evp_bytestokey,1
cordova-js,1
labeled-stream-splicer,1
shasum,10
path,11
assert,1
sinon,12
ternary-stream,1
vinyl-fs,1
decompress,1
download,1
spawn-sync,13
imagemin,1
geojsonhint,1
module-deps,1
insert-module-globals,1
base64url,1
rimraf,1
read-package-json,1
accord,1
tape,1
fileset,1
broccoli-kitchen-sink-helpers,1
globule,1
gulp-useref,1
init-package-json,1
cordova-common,1
messageformat,1
grunt-sync,1
cli,1
yamljs,1
grunt,1
glob-stream,1
globby,1
mem-fs-editor,1
read-all-stream,1
gulp-decompress,1
vinyl-assign,1
mongodb,14
htmlparser2,15
log4js,1
mysql,16
stream-splicer,1
readdirp,1
stream-browserify,1
read-only-stream,1
stream-combiner2,1
ordered-read-streams,1
lazystream,1
duplexer2,1
duplexify,1
first-chunk-stream,1
through2,1
merge-stream,1
bl,1
concat-stream,1
are-we-there-yet,17
sha,1
gulp-replace,1
gulp-minify-css,1
memory-fs,18
tar-stream,1
buffer-to-vinyl,1
bufferstreams,1
busboy,19
dicer,19
replacestream,1
hpack.js,1
tar,1
fstream-ignore,1
path-array,1
sails-hook-sockets,1
mongoose,6
yeoman-test,1
yo,1
browser-launcher2,1
machinepack-urls,1
grunt-contrib-watch,1
broccoli-babel-transpiler,1
ember-cli-babel,1
ember-cli-htmlbars,1
babel-plugin-transform-regenerator,1
babel-register,1
babel-helper-call-delegate,1
babel-plugin-transform-es2015-parameters,1
babel-plugin-transform-es2015-block-scoping,1
babel-plugin-transform-es2015-classes,1
babel-helper-function-name,1
babel-helper-replace-supers,1
babel-types,1
babel-template,1
restify,1
sequelize,1
browserify-transform-tools,1
engine.io-parser,1
fill-range,1
gulp-uglify,1
flatiron,1
express-json5,1
npmi,1
npm-check-updates,1
cordova,1
meow,1
read-pkg,1
normalize-package-data,1
validate-npm-package-license,1
glob,1
orchestrator,20
read-installed,1
read-package-tree,1
readdir-scoped-modules,1
realize-package-specifier,21
end-of-stream,1
inflight,1
istanbul,1
npmconf,1
file-entry-cache,1
flat-cache,1
watchr,1
scandirectory,1
webpack,1
sails-generate,1
sails-disk,1
sails-util,1
sails-generate-new,1
mem-fs,1
update-notifier,1
pkg-conf,1
chokidar,1
gulp,1
configstore,1
jstransformer,1
fbjs,1
unique-filename,22
minimize,1
chalk,1
string-length,1
table,1
inquirer,1
yosay,1
string-width,1
cliui,1
phridge,1
gulp-notify,1
execa,1
cross-spawn,23
cross-spawn-async,23
grunt-legacy-util,1
node-notifier,1
decompress-targz,1
decompress-unzip,1
decompress-tar,1
decompress-tarbz2,1
global-modules,1
resolve-dir,1
which,24
strip-dirs,1
is-absolute,24
anchor,1
v8-profiler,1
fsevents,1
v8-debug,1
bunyan,1
broccoli-plugin,1
biased-opener,1
imagemin-optipng,1
optipng-bin,1
jpegtran-bin,1
gifsicle,1
prompt,1
forever,1
gulp-uncss,1
hash-for-dep,1
gaze,1
jshint,1
del,1
fstream,1
mv,1
temp,1
fs-extra,1
utile,1
grunt-contrib-clean,1
quick-temp,1
exec-buffer,25
bin-build,1
imagemin-svgo,1
eazy-logger,1
os-name,1
handlebars,1
registry-url,1
get-proxy,1
package-json,1
captains-log,1
deps-sort,1
lpad-align,1
default-browser-id,1
dateformat,1
github-username,1
gulp-changed,1
gulp-minify-html,1
gulp-inject,1
gulp-load-plugins,1
gulp-jshint,1
run-sequence,1
gulp-plumber,1
gulp-sass,1
gulp-concat,1
gulp-imagemin,1
gulp-autoprefixer,1
write,26
svgo,1
portfinder,1
jade,1
yargs,1
wrap-ansi,1
widest-line,1
boxen,1
nomnom,1
maxmin,1
grunt-contrib-uglify,1
grunt-contrib-jst,1
grunt-contrib-cssmin,1
tfunk,27
clap,1
squeak,1
node-alias,1
grunt-contrib-concat,1
grunt-contrib-copy,28
babel-code-frame,1
grunt-contrib-coffee,1
grunt-contrib-jshint,1
marked-terminal,1
har-validator,1
sum-up,1
sudo-block,29
yeoman-doctor,1
gulp-util,1
fancy-log,30
log-symbols,1
yeoman-welcome,1
npmlog,31
browser-pack,1
gulp-sourcemaps,1
through2-filter,1
imagemin-jpegtran,1
imagemin-gifsicle,1
through2-concurrent,1
gulp-if,1
strip-bom-stream,1
multipipe,1
cheerio,15
sanitize-html,32
bin-wrapper,1
vinyl-bufferstream,1
enhanced-resolve,1
simple-plist,1
include-all,1
sails-generate-controller,1
sails-generate-model,1
grunt-legacy-log,1
grunt-legacy-log-utils,1
vasync,1
jsprim,1
bin-version-check,1
latest-version,1
mongodb-core,14
cliff,1
http-signature,33
sshpk,33
statehood,2
catbox,2
heavy,2
pez,2
subtext,2
nigel,2
joi,2
accept,2
call,2
ammo,2
iron,2
content,2
wreck,2
hawk,2
cryptiles,2
pg-types,34
render-readme,35
unique-stream,10
clean-css,1
stream-throttle,36
seek-bzip,1
cli-usage,1
jsonlint-lines,1
logalot,1
csso,1
root-check,37
autoprefixer,1
filenamify,1
statsd,38
sails-hook-orm,1
babel-plugin-transform-es2015-computed-properties,1
babel-plugin-transform-es2015-sticky-regex,1
babel-plugin-transform-es2015-unicode-regex,1
babel-preset-es2015,1
rcloader,1
babel-helpers,1
babel-plugin-transform-es2015-modules-commonjs,1
babel-generator,1
babel-plugin-transform-strict-mode,1
babel-helper-optimise-call-expression,1
babel-plugin-transform-es2015-shorthand-properties,1
babel-helper-define-map,1
babel-plugin-transform-es2015-function-name,1
babel-helper-hoist-variables,1
babel-helper-get-function-arity,1
babel-plugin-transform-es2015-duplicate-keys,1
babel-helper-regex,1
reportback,1
winser,39
waterline-cursor,1
portscanner,1
sails-generate-api,1
waterline,1
pm2-deploy,1
winston,1
nconf,1
uglify-js,1
vizion,1
html-wiring,40
gruntfile-editor,1
sails-generate-adapter,1
sails-generate-backend,1
sails-generate-frontend,1
sails-generate-gruntfile,1
sails-generate-generator,1
sails-generate-views-jade,1
sails-generate-views,1
useragent,23
aws4,23
read-pkg-up,1
walk-sync,1
promzard,1
is-path-in-cwd,41
can-symlink,1
v8flags,1
lodash.templatesettings,1
gauge,1
jws,42
jwa,42
touch,1
grunt-cli,1
es6-map,1
escope,1
memoizee,1
es6-set,1
cli-color,1
es6-weak-map,1
es5-ext,1
event-emitter,1
timers-ext,1
lru-queue,1
es6-iterator,1
d,1
es6-symbol,1
gulp-match,1
matcher-collection,1
multimatch,1
twig,1
minimatch,1
vinyl-file,1
load-json-file,1
bin-version,43
passwd-user,1
ast-query,1
helmet-csp,44
yargs-parser,1
gh-got,1
npm-keyword,1
isomorphic-fetch,1
liftoff,1
findup-sync,1
anymatch,1
randomatic,1
parse-glob,1
micromatch,1
glob-base,1
glob-parent,1
lodash.template,1
lodash.defaults,1
gulplog,45
x-default-browser,1
redent,1
is-my-json-valid,1
yeoman-character,46
postcss,47
espree,48
with,48
lexical-scope,48
outpipe,10
aliasify,1
ps-tree,1
event-stream,1
pgpass,1
is-number,1
group-array,1
combine-source-map,1
string.prototype.trim,1
diffie-hellman,1
markdown-it,35
js-yaml,49
cron-parser,50
cron,50
node-schedule,51
caw,1
sinopia-htpasswd,1
to-absolute-glob,52
regex-cache,53
object.omit,52
expand-range,1
expand-braces,54
braces,54
detect-indent,1
indent-string,1
readline2,1
is-integer,1
repeating,1
bin-check,1
got,1
yeoman-assert,1
find-up,1
path-type,1
path-exists,1
get-stream,1
run-async,1
opn,1
executable,1
hasha,1
color-string,1
parse-json,1
cardinal,55
node-fetch,1
mailcomposer,56
buildmail,56
nodemailer,56
is-relative,24
sails-build-dictionary,1
parseuri,5
parseqs,5
parsejson,5
walk,1
escodegen,1
os-locale,57
pg,1
broadway,58
css,1
react,1
aws-sdk,1
optionator,1
levn,1
css-select,59
domutils,15
nodemailer-smtp-transport,56
nodemailer-direct-transport,56
nodemailer-smtp-pool,56
smtp-connection,56
invariant,1
babel-plugin-check-es2015-constants,1
babel-plugin-transform-es2015-spread,1
babel-plugin-transform-es2015-destructuring,1
babel-plugin-transform-es2015-typeof-symbol,1
babel-plugin-syntax-async-functions,1
babel-plugin-transform-es2015-for-of,1
babel-messages,1
babel-plugin-syntax-flow,1
babylon,1
babel-plugin-transform-es2015-literals,1
babel-plugin-transform-es2015-template-literals,1
babel-polyfill,1
babel-plugin-transform-es2015-block-scoped-functions,1
babel-plugin-transform-es2015-arrow-functions,1
babel-plugin-transform-es2015-object-super,1
sort-on,1
cli-cursor,1
ware,1
yauzl,1
multiparty,1
xcode,1
chai,60
taskgroup,1
extract-opts,1
eachr,1
extendr,1
ambi,1
faye-websocket,61
csv,62
lodash.reduce,63
lodash.some,64
csv-stringify,63
regexpu-core,1
diagnostics,65
colorspace,65
color,65
should,66
require-uncached,67
caller-path,67
es-abstract,1
jsonwebtoken,1
cors,1
mime-types,1
compressible,1
mimos,1
http-errors,1
on-finished,68
serve-favicon,1
debug,1
ecstatic,69
readable-stream,1
block-stream,1
util,1
sha.js,1
stream-http,1
des.js,1
cipher-base,1
asn1.js,1
hash.js,1
http-browserify,70
browser-sync-client,71
cookies,72
union,73
proxy-addr,74
doctrine,1
falafel,1
isobject,1
buffer,1
has-binary,1
path-to-regexp,1
raw-body,1
cookie-parser,75
spdx-correct,1
spdx-expression-parse,1
dezalgo,1
once,1
write-file-atomic,22
read-json-sync,1
safefs,1
fobject,1
read-cmd-shim,1
promise,1
lodash._createcache,76
unique-slug,22
has-ansi,1
strip-ansi,1
global-prefix,1
validate-npm-package-name,77
make-plural,1
opt-merger,1
osx-release,1
taketalk,1
optimist,1
rc,1
prettyjson,1
subarg,1
mkdirp,1
underscore.string,1
plist,1
verror,1
hsts,1
npm-install-checks,1
npm-package-arg,21
semver-diff,1
require_optional,14
win-release,1
semver-truncate,1
ember-cli-version-checker,1
ecc-jsbn,78
jodid25519,78
dashdash,33
sntp,2
boom,2
catbox-memory,2
kilt,2
b64,2
topo,2
vise,2
postgres-interval,1
error,79
commander,1
trim-repeated,1
strip-outer,1
combined-stream,1
benchmark,80
async,1
easy-extender,1
grouped-queue,1
rcfinder,1
merge-defaults,1
sails-generate-sails.io.js,1
waterline-schema,1
waterline-criteria,1
switchback,1
sails-stringfile,1
rttc,1
dom-serialize,1
lru-cache,23
json-parse-helpfulerror,1
read,1
is-path-inside,41
home-or-tmp,1
tempfile,25
tmp,1
osenv,1
untildify,1
expand-tilde,1
xdg-basedir,1
tildify,1
user-home,1
lodash.pad,1
lodash.padend,1
lodash.escape,1
lodash.padstart,1
nopt,1
brace-expansion,1
vinyl,1
strip-bom,1
class-extend,1
loader-utils,1
esrecurse,1
lodash.isequal,1
lodash.assign,1
lodash.merge,1
extglob,1
is-glob,1
browser-resolve,1
rechoir,1
lodash.assigninwith,1
glogg,45
has-gulplog,45
camelcase-keys,81
humanize-string,82
strip-indent,1
find-versions,43
array-union,43
generate-object-property,83
supports-color,46
vm-browserify,84
url,85
timers-browserify,86
syntax-error,48
constantinople,48
acorn-jsx,48
astw,48
detective,1
acorn-globals,48
shell-quote,10
json-stable-stringify,10
parents,87
JSONStream,1
stream-combiner,1
split,1
pause-stream,1
resumer,1
kind-of,1
webpack-core,88
concat-with-sourcemaps,1
vinyl-sourcemaps-apply,1
inline-source-map,1
source-map-support,1
lodash.memoize,89
has,1
browserify-rsa,1
miller-rabin,1
console-browserify,90
browserify-zlib,91
argparse,1
pm2-multimeter,92
amp-message,7
nssocket,93
moment-timezone,50
cli-table,1
dtrace-provider,1
bcrypt,94
fs-ext,1
crypt3,1
is-binary-path,95
extend-shallow,52
is-equal-shallow,53
for-own,96
expand-brackets,97
arr-diff,98
is-finite,1
code-point-at,1
is-fullwidth-code-point,1
dargs,1
pretty-bytes,1
pinkie-promise,1
is-builtin-module,1
error-ex,1
simple-swizzle,1
loud-rejection,99
wbuf,1
shush,100
config-chain,101
redeyed,49
encoding,1
libmime,102
is-unc-path,24
better-assert,5
ws,103
foreachasync,1
lcid,57
gzip-size,1
create-servers,58
source-map-resolve,1
character-parser,104
backbone,1
dep-graph,1
coa,1
whatwg-url,1
xml2js,1
elementtree,1
type-check,1
cssstyle,105
dom-serializer,15
domhandler,15
nth-check,59
passport,106
socks,107
nodemailer-shared,56
redis,108
loose-envify,1
babel-runtime,1
http-proxy,109
url-parse-lax,110
create-error-class,111
dot-prop,1
restore-cursor,1
each-async,112
formatio,12
istextorbinary,1
wrap-fn,1
composition,1
fd-slicer,1
archive-type,1
npm-run-path,1
downgrade-root,37
browserslist,1
bplist-parser,1
bplist-creator,1
node-emoji,113
properties-parser,113
define-properties,1
errno,18
query-string,114
lodash.clonedeep,1
exec-series,115
plur,116
url-regex,1
deep-eql,60
strong-data-uri,117
config,1
stream-to-array,1
uid-safe,118
ecdsa-sig-formatter,42
frameguard,119
typechecker,1
ignorefs,120
math-interval-parser,121
websocket-driver,61
symlink-or-copy,122
fast-ordered-set,1
promise-map-series,1
md5-hex,123
lodash.get,63
lodash._baseiteratee,63
backoff,124
terraformer-wkt-parser,125
hashring,38
linkify-it,35
glob2base,1
node.extend,126
request-progress,127
regjsparser,1
content-security-policy-builder,128
is-relative-url,1
kuler,129
enabled,130
should-format,66
should-equal,66
caller-callsite,67
is-resolvable,131
es-to-primitive,1
is-html,132
vary,1
utils-merge,1
mime-db,1
media-typer,3
statuses,1
range-parser,133
ee-first,68
ms,1
mime,134
inherits,1
fresh,1
etag,71
escape-html,1
destroy,1
depd,1
parseurl,1
qs,73
ipaddr.js,74
forwarded,74
isarray,1
methods,9
merge-descriptors,135
unpipe,1
cookie-signature,75
cookie,75
content-type,136
content-disposition,137
array-flatten,138
negotiator,1
spdx-license-ids,1
spdx-exceptions,1
wrappy,1
graceful-fs,1
asap,1
debuglog,1
lodash.restparam,139
lodash._getnative,76
lodash._cacheindexof,140
lodash._bindcallback,141
lodash._baseindexof,142
imurmurhash,22
ansi-regex,1
slide,22
isexe,143
is-windows,1
builtins,77
umask,144
uid-number,145
text-table,1
minimist,1
sorted-object,146
util-deprecate,1
string_decoder,147
process-nextick-args,148
core-util-is,1
semver,1
retry,149
tunnel-agent,1
tough-cookie,150
stringstream,151
oauth-sign,152
node-uuid,1
json-stringify-safe,1
isstream,1
is-typedarray,153
tweetnacl,33
jsbn,78
assert-plus,33
asn1,154
json-schema,1
extsprintf,1
hoek,2
xtend,1
jsonpointer,1
generate-function,155
graceful-readlink,1
escape-string-regexp,1
ansi-styles,1
delayed-stream,1
lodash,1
forever-agent,156
extend,1
caseless,157
yallist,23
pseudomap,158
aws-sign2,159
hosted-git-info,21
jju,1
path-is-absolute,160
util-extend,161
mute-stream,1
path-is-inside,41
os-tmpdir,1
os-homedir,1
opener,1
lodash.tostring,1
has-unicode,1
ansi,31
delegates,17
npm-user-validate,162
typedarray,1
chownr,163
npm-cache-filename,164
normalize-git-url,165
abbrev,1
concat-map,1
balanced-match,1
replace-ext,166
clone-stats,1
clone,1
vali-date,167
is-utf8,1
object-assign,1
lodash.keys,1
lodash._stack,1
lodash._root,1
is-valid-glob,168
convert-source-map,1
is-stream,1
normalize-path,169
is-extglob,1
filename-regex,170
array-unique,171
pretty-hrtime,172
stream-consume,20
sequencify,173
resolve,1
flagged-respawn,1
interpret,1
lodash._reinterpolate,1
lodash.rest,1
lodash.keysin,1
lodash._reevaluate,174
lodash._reescape,175
sparkles,45
time-stamp,30
trim-newlines,176
map-obj,81
decamelize,82
get-stdin,1
beeper,177
array-uniq,43
array-differ,1
deprecated,178
archy,179
is-property,83
has-flag,46
indexof,84
querystring,85
punycode,85
tty-browserify,180
setimmediate,86
acorn,48
array-map,10
array-reduce,181
array-filter,182
jsonify,10
querystring-es3,1
process,11
path-browserify,183
path-platform,87
os-browserify,184
defined,1
through,1
jsonparse,1
is-buffer,1
source-map,1
lodash._mapcache,89
https-browserify,185
to-arraybuffer,1
builtin-status-codes,186
htmlescape,187
function-bind,1
events,188
domain-browser,189
randombytes,1
ripemd160,190
bn.js,1
brorand,1
buffer-xor,191
constants-browserify,192
date-now,90
ieee754,1
base64-js,1
pako,91
umd,1
ikt,193
sprintf-js,1
shelljs,1
charm,92
tv4,1
amp,7
escape-regexp,194
configurable,195
pidusage,196
lazy,93
eventemitter2,93
moment,50
coffee-script,1
colors,1
nan,1
binary-extensions,95
async-each,197
arrify,1
is-extendable,52
is-primitive,53
is-dotfile,1
for-in,96
is-posix-bracket,97
repeat-element,54
preserve,198
repeat-string,199
arr-flatten,98
number-is-nan,1
pinkie,1
pify,1
builtin-modules,1
is-arrayish,1
signal-exit,99
array-find-index,200
camelcase,1
minimalistic-assert,1
strip-json-comments,1
ini,1
deep-extend,201
esprima,49
iconv-lite,1
unc-path-regex,24
hooker,1
getobject,202
exit,1
grunt-known-options,1
platform,80
component-emitter,1
json3,203
backo2,204
to-array,1
callsite,5
object-component,205
component-bind,206
yeast,5
component-inherit,207
utf8,1
blob,208
base64-arraybuffer,209
arraybuffer.slice,210
after,211
xmlhttprequest-ssl,212
ultron,103
options,103
has-cors,213
base64id,214
sliced,6
regexp-clone,6
muri,215
bluebird,1
mpromise,216
mpath,217
resolve-from,14
bson,218
es6-promise,219
kareem,220
hooks-fixed,221
stack-trace,222
pkginfo,223
eyes,1
cycle,224
ncp,1
i,1
deep-equal,4
timespan,225
caller,100
wordwrap,1
y18n,226
window-size,227
require-main-filename,228
symbol,1
invert-kv,57
secure-keys,1
duplexer,1
map-stream,229
from,230
understudy,231
errs,232
connected,58
director,1
revalidator,1
void-elements,1
uglify-to-browserify,1
urix,1
resolve-url,1
atob,233
source-map-url,234
is-promise,1
is-regex,104
growl,1
diff,235
underscore,1
uglify-save-license,236
deap,237
q,1
xml-name-validator,238
webidl-conversions,1
tr46,1
symbol-tree,239
sax,1
parse5,240
nwmatcher,241
fast-levenshtein,242
prelude-ls,1
deep-is,243
esutils,1
estraverse,1
cssom,105
array-equal,244
abab,245
domelementtype,15
entities,15
boolbase,59
css-what,246
pause,106
passport-strategy,106
smart-buffer,107
ip,107
nodemailer-fetch,56
nodemailer-wellknown,56
libqp,102
libbase64,247
addressparser,248
node-sass,1
redis-parser,108
redis-commands,249
double-ended-queue,108
isemail,2
items,2
shot,250
peekaboo,251
js-tokens,1
ua-parser-js,252
whatwg-fetch,1
core-js,1
isbinaryfile,253
requires-port,109
eventemitter3,109
array-slice,254
ent,1
custom-event,255
di,256
bytes,1
batch,257
bignumber.js,16
prepend-http,110
unzip-response,1
timed-out,258
node-status-codes,259
lowercase-keys,260
is-retry-allowed,261
is-redirect,262
is-plain-obj,263
duplexer3,264
capture-stack-trace,111
is-npm,265
uuid,25
is-obj,1
filled-array,266
cli-boxes,267
undefsafe,1
ignore-by-default,268
rx,269
figures,1
cli-width,270
onetime,1
exit-hook,1
ansi-escapes,271
samsam,12
lolex,272
read-chunk,273
ejs,274
commondir,275
textextensions,1
binaryextensions,1
detect-newline,40
traverse,1
string-template,79
co,1
is-url,1
gulp-rename,276
pend,1
is-natural-number,277
stat-mode,1
is-zip,278
is-gzip,279
is-bzip2,1
is-tar,1
file-type,1
filename-reserved-regex,280
set-immediate-shim,112
detect-conflict,281
os-shim,13
klaw,1
jsonfile,282
pad-component,283
object-values,284
semver-regex,43
strip-eof,285
path-key,1
titleize,286
is-root,29
is-docker,29
default-uid,37
lodash.debounce,1
proto-list,101
cli-list,287
js-base64,47
caniuse-db,1
num2fraction,288
normalize-range,289
postcss-value-parser,290
validator,1
unorm,1
xmldom,1
xmlbuilder,1
cordova-registry-mapper,291
big-integer,1
stream-buffers,1
pegjs,1
valid-identifier,292
string.prototype.codepointat,113
on-headers,1
cordova-app-hello-world,293
object-keys,1
foreach,1
image-size,1
prr,18
ucfirst,294
strict-uri-encode,114
longest,295
openurl,1
immutable,296
lodash.isplainobject,297
lodash._baseclone,1
object-path,27
dev-ip,1
emitter-steward,298
bs-recipes,299
limiter,36
connect-history-api-fallback,0
async-each-series,115
irregular-plurals,116
whet.extend,300
is-svg,1
lpad,1
console-stream,1
os-filter-obj,301
lazy-req,302
ip-regex,1
is-png,303
is-jpg,1
is-gif,1
optional,304
spawn-please,305
semver-utils,306
require-dir,307
fast-diff,308
cint,309
url-join,69
he,69
corser,310
type-detect,60
assertion-error,311
basic-auth,312
truncate,117
uid,313
json-stream,314
headless,315
source-list-map,88
tapable,1
Base64,70
json5,1
emojis-list,1
big.js,316
is-path-cwd,317
reduce-component,1
cookiejar,318
formidable,319
bindings,94
only,320
koa-is-json,321
koa-compose,322
error-inject,323
keygrip,72
any-promise,1
deep-diff,1
JSV,1
random-bytes,118
base64-url,42
dot-access,324
uid2,1
object-hash,325
convert-to-ecmascript-compatible-varname,326
sails.io.js-dist,1
pluralize,1
waterline-errors,327
mock-res,328
mock-req,329
lodash.isundefined,330
lodash.isstring,119
lodash.isregexp,331
lodash.isobject,332
lodash.isnull,333
lodash.isfunction,44
lodash.iserror,334
lodash.isarray,335
mustache,1
editions,1
esnextguardian,1
ignorepatterns,120
csextends,1
xregexp,121
promised-io,1
md5-file,336
grunt-sails-linker,337
livereload-js,1
websocket-extensions,61
uri-path,1
file-sync-cmp,28
copy-dereference,122
path-posix,1
blank-object,1
mktemp,1
rsvp,1
md5-o-matic,123
slash,338
shebang-regex,339
private,340
to-fast-properties,1
globals,341
trim-right,342
jmespath,343
marked,1
crc,1
obuf,1
select-hose,1
http-deceiver,344
handle-thing,345
keep-alive-agent,346
escape-regexp-component,347
lodash._stringtopath,63
stream-transform,62
csv-parse,62
csv-generate,348
safe-json-stringify,1
precond,124
wkx,349
toposort-class,350
terraformer,125
shimmer,351
inflection,352
generic-pool,1
dottie,353
array-parallel,8
array-series,8
stdio,39
simple-lru-cache,38
connection-parse,354
node-syslog,355
get-value,1
highlight.js,35
regexp-quote,32
uc.micro,35
mdurl,356
lunr,357
es6-shim,358
find-index,1
is,126
shellwords,1
growly,359
ansicolors,55
throttleit,127
progress,1
kew,360
fork-stream,1
jsesc,1
regjsgen,1
regenerate,361
when,1
postgres-date,362
postgres-bytea,34
postgres-array,34
ap,363
pg-connection-string,364
packet-reader,365
buffer-writer,366
x-xss-protection,1
nocache,367
ienoopen,368
hpkp,369
hide-powered-by,370
lodash._baseeach,64
lodash._basereduce,63
dashify,128
camelize,44
dont-sniff-mimetype,371
dns-prefetch-control,372
useref,1
is-absolute-url,1
emits,1
colornames,129
env-variable,130
text-hex,65
color-name,1
color-convert,65
next-tick,1
argh,1
should-type,66
long-timeout,51
slice-ansi,373
callsites,67
tryit,131
ignore,374
try-open,26
is-symbol,1
is-date-object,1
is-callable,375
object-inspect,376
streamsearch,19
append-field,1
indx,377
propagate,378
buffer-equal-constant-time,379
linerstream,380
html-tags,132
babel-regenerator-runtime,381
