src,dst
sinopia,express
node-inspector,express
weinre,express
cordova-serve,express
cors,vary
method-override,vary
koa,vary
compression,vary
express,vary
express-session,utils-merge
connect,utils-merge
express,utils-merge
multer,type-is
koa,type-is
body-parser,type-is
express,type-is
koa,mime-types
serve-index,mime-types
form-data,mime-types
request,mime-types
accepts,mime-types
type-is,mime-types
compressible,mime-db
mimos,mime-db
mime-types,mime-db
type-is,media-typer
sails,serve-static
browser-sync,serve-static
express,serve-static
express,send
serve-static,send
koa,statuses
http-errors,statuses
send,statuses
express,range-parser
send,range-parser
multer,on-finished
koa,on-finished
morgan,on-finished
body-parser,on-finished
finalhandler,on-finished
express,on-finished
send,on-finished
on-finished,ee-first
jsonwebtoken,ms
serve-favicon,ms
mongoose,ms
debug,ms
send,ms
restify,mime
superagent,mime
ecstatic,mime
less,mime
karma,mime
send,mime
sinopia,http-errors
http-assert,http-errors
koa,http-errors
serve-index,http-errors
body-parser,http-errors
send,http-errors
tape,inherits
hpack.js,inherits
http-browserify,inherits
npmconf,inherits
css,inherits
fstream-ignore,inherits
des.js,inherits
hash.js,inherits
asn1.js,inherits
cipher-base,inherits
chokidar,inherits
browserify-aes,inherits
browserify-des,inherits
browserify-sign,inherits
elliptic,inherits
crypto-browserify,inherits
create-hmac,inherits
create-hash,inherits
stream-http,inherits
browserify,inherits
labeled-stream-splicer,inherits
stream-splicer,inherits
module-deps,inherits
sha.js,inherits
stream-browserify,inherits
util,inherits
duplexify,inherits
concat-stream,inherits
glob,inherits
readable-stream,inherits
block-stream,inherits
fstream,inherits
tar,inherits
http-errors,inherits
koa,fresh
serve-favicon,fresh
browser-sync-client,fresh
express,fresh
send,fresh
serve-favicon,etag
browser-sync-client,etag
express,etag
send,etag
koa,escape-html
serve-index,escape-html
express,escape-html
finalhandler,escape-html
serve-static,escape-html
send,escape-html
koa,destroy
send,destroy
sequelize,depd
express-session,depd
cookies,depd
morgan,depd
body-parser,depd
express,depd
send,depd
nock,debug
eslint,debug
extract-zip,debug
stylus,debug
gulp-livereload,debug
mini-lr,debug
send,debug
finalhandler,debug
express,debug
array-index,debug
pm2-axon-rpc,debug
pm2-axon,debug
pmx,debug
pm2,debug
tar-pack,debug
socket.io,debug
socket.io-parser,debug
socket.io-adapter,debug
engine.io-client,debug
socket.io-client,debug
engine.io,debug
mquery,debug
mocha,debug
connect,debug
body-parser,debug
nodemon,debug
yeoman-environment,debug
yeoman-generator,debug
compression,debug
serve-index,debug
resp-modifier,debug
localtunnel,debug
morgan,debug
node-inspector,debug
win-detect-browsers,debug
superagent,debug
koa,debug
skipper-disk,debug
skipper,debug
machine,debug
method-override,debug
i18n,debug
tiny-lr,debug
fs-tree-diff,debug
broccoli-funnel,debug
broccoli-merge-trees,debug
broccoli-persistent-filter,debug
async-disk-cache,debug
babel-core,debug
babel-traverse,debug
express-session,debug
spdy-transport,debug
spdy,debug
retry-as-promised,debug
gm,debug
mini-lr,parseurl
express-session,parseurl
tiny-lr,parseurl
method-override,parseurl
sails,parseurl
koa,parseurl
serve-favicon,parseurl
serve-index,parseurl
connect,parseurl
express,parseurl
serve-static,parseurl
nock,qs
mini-lr,qs
restify,qs
tiny-lr,qs
superagent,qs
union,qs
body-parser,qs
request,qs
express,qs
express,proxy-addr
proxy-addr,ipaddr.js
proxy-addr,forwarded
express,path-to-regexp
doctrine,isarray
falafel,isarray
socket.io-parser,isarray
has-binary,isarray
isobject,isarray
buffer,isarray
browserify,isarray
labeled-stream-splicer,isarray
readable-stream,isarray
path-to-regexp,isarray
supertest,methods
method-override,methods
superagent,methods
express,methods
broadway,merge-descriptors
express,merge-descriptors
connect,finalhandler
express,finalhandler
raw-body,unpipe
npm,unpipe
finalhandler,unpipe
express-session,cookie-signature
cookie-parser,cookie-signature
express,cookie-signature
express-session,cookie
cookie-parser,cookie
express,cookie
koa,content-type
body-parser,content-type
express,content-type
koa,content-disposition
express,content-disposition
express,array-flatten
koa,accepts
serve-index,accepts
compression,accepts
engine.io,accepts
express,accepts
restify,negotiator
accepts,negotiator
npm-check-updates,npm
npmi,npm
cordova-lib,npm
init-package-json,validate-npm-package-license
normalize-package-data,validate-npm-package-license
npm,validate-npm-package-license
validate-npm-package-license,spdx-expression-parse
spdx-correct,spdx-license-ids
spdx-expression-parse,spdx-license-ids
spdx-expression-parse,spdx-exceptions
validate-npm-package-license,spdx-correct
read-installed,readdir-scoped-modules
read-package-tree,readdir-scoped-modules
npm,readdir-scoped-modules
istanbul,once
restify,once
npmconf,once
tar-pack,once
inflight,once
end-of-stream,once
npm-registry-client,once
npm,once
read-package-tree,once
glob,once
readdir-scoped-modules,once
inflight,wrappy
npm,wrappy
dezalgo,wrappy
once,wrappy
fobject,graceful-fs
flat-cache,graceful-fs
read-json-sync,graceful-fs
safefs,graceful-fs
enhanced-resolve,graceful-fs
watchpack,graceful-fs
less,graceful-fs
fs-extra,graceful-fs
vinyl-file,graceful-fs
configstore,graceful-fs
karma,graceful-fs
load-json-file,graceful-fs
path-type,graceful-fs
readdirp,graceful-fs
vinyl-fs,graceful-fs
gulp-sourcemaps,graceful-fs
node-gyp,graceful-fs
npm-registry-client,graceful-fs
read-cmd-shim,graceful-fs
read-installed,graceful-fs
read-package-json,graceful-fs
sha,graceful-fs
fstream,graceful-fs
write-file-atomic,graceful-fs
readdir-scoped-modules,graceful-fs
read-package-tree,dezalgo
realize-package-specifier,dezalgo
readdir-scoped-modules,dezalgo
promise,asap
dezalgo,asap
read-installed,debuglog
read-package-tree,debuglog
npm,debuglog
readdir-scoped-modules,debuglog
npm,lodash.restparam
lodash._createcache,lodash._getnative
npm,lodash._getnative
npm,lodash._createcache
npm,lodash._cacheindexof
npm,lodash._bindcallback
npm,lodash._baseindexof
eslint,imurmurhash
unique-slug,imurmurhash
write-file-atomic,imurmurhash
npm,imurmurhash
cli-color,ansi-regex
yosay,ansi-regex
has-ansi,ansi-regex
strip-ansi,ansi-regex
npm,ansi-regex
configstore,write-file-atomic
npm,write-file-atomic
npm-registry-client,slide
read-installed,slide
npm,slide
write-file-atomic,slide
phantomjs-prebuilt,which
phantomjs,which
node-notifier,which
istanbul,which
win-detect-browsers,which
node-inspector,which
cross-spawn-async,which
grunt-legacy-util,which
node-gyp,which
npm,which
which,isexe
strip-dirs,is-absolute
which,is-absolute
global-prefix,is-windows
global-modules,is-windows
is-absolute,is-windows
is-absolute,is-relative
is-relative,is-unc-path
init-package-json,validate-npm-package-name
npm,validate-npm-package-name
validate-npm-package-name,builtins
npm,unique-filename
unique-filename,unique-slug
npm,umask
npmconf,uid-number
tar-pack,uid-number
npm,uid-number
eslint,text-table
geojsonhint,text-table
yeoman-generator,text-table
yeoman-environment,text-table
npm,text-table
cordova-lib,tar
tar-pack,tar
node-pre-gyp,tar
node-gyp,tar
npm,tar
tar-pack,fstream
fstream-ignore,fstream
node-gyp,fstream
tar,fstream
temp,rimraf
mv,rimraf
async-disk-cache,rimraf
broccoli-merge-trees,rimraf
quick-temp,rimraf
broccoli-plugin,rimraf
broccoli-funnel,rimraf
grunt-contrib-clean,rimraf
del,rimraf
browser-launcher2,rimraf
exec-buffer,rimraf
bin-build,rimraf
fs-extra,rimraf
mem-fs-editor,rimraf
yeoman-generator,rimraf
yeoman-test,rimraf
karma,rimraf
utile,rimraf
grunt,rimraf
tar-pack,rimraf
node-pre-gyp,rimraf
node-gyp,rimraf
npm-registry-client,rimraf
npm,rimraf
fstream,rimraf
uncss,glob
accord,glob
tape,glob
eslint,glob
gulp-useref,glob
stylus,glob
gulp-watch,glob
fileset,glob
broccoli-kitchen-sink-helpers,glob
sails,glob
globule,glob
grunt-sync,glob
messageformat,glob
node-inspector,glob
cli,glob
cordova-lib,glob
init-package-json,glob
cordova-common,glob
yeoman-generator,glob
mem-fs-editor,glob
globby,glob
karma,glob
mocha,glob
grunt,glob
yamljs,glob
browserify,glob
glob-stream,glob
node-gyp,glob
read-package-json,glob
rimraf,glob
nock,mkdirp
multer,mkdirp
write,mkdirp
eslint,mkdirp
extract-zip,mkdirp
stylus,mkdirp
istanbul,mkdirp
sinopia,mkdirp
mv,mkdirp
babel-register,mkdirp
async-disk-cache,mkdirp
broccoli-kitchen-sink-helpers,mkdirp
broccoli-persistent-filter,mkdirp
broccoli-funnel,mkdirp
webpack,mkdirp
browser-launcher2,mkdirp
portfinder,mkdirp
svgo,mkdirp
less,mkdirp
npmconf,mkdirp
mem-fs-editor,mkdirp
yeoman-generator,mkdirp
yeoman-test,mkdirp
configstore,mkdirp
jade,mkdirp
mocha,mkdirp
utile,mkdirp
node-pre-gyp,mkdirp
pm2,mkdirp
vinyl-fs,mkdirp
node-gyp,mkdirp
npm-registry-client,mkdirp
fstream,mkdirp
tape,minimist
cli-usage,minimist
node-notifier,minimist
make-plural,minimist
geojsonhint,minimist
biased-opener,minimist
ecstatic,minimist
opt-merger,minimist
osx-release,minimist
taketalk,minimist
strip-dirs,minimist
optimist,minimist
prettyjson,minimist
rc,minimist
subarg,minimist
meow,minimist
gulp-util,minimist
gulp,minimist
mkdirp,minimist
tar,block-stream
table,strip-ansi
string-length,strip-ansi
yosay,strip-ansi
inquirer,strip-ansi
cliui,strip-ansi
string-width,strip-ansi
chalk,strip-ansi
npm,strip-ansi
npm,sorted-object
npm,sha
gulp-replace,readable-stream
sha,readable-stream
bl,readable-stream
npm,readable-stream
are-we-there-yet,readable-stream
concat-stream,readable-stream
through2,readable-stream
first-chunk-stream,readable-stream
vinyl-fs,readable-stream
merge-stream,readable-stream
lazystream,readable-stream
ordered-read-streams,readable-stream
duplexify,readable-stream
duplexer2,readable-stream
stream-browserify,readable-stream
browserify,readable-stream
read-only-stream,readable-stream
stream-combiner2,readable-stream
module-deps,readable-stream
stream-splicer,readable-stream
readdirp,readable-stream
tar-pack,readable-stream
mongodb,readable-stream
htmlparser2,readable-stream
log4js,readable-stream
mysql,readable-stream
download,readable-stream
read-all-stream,readable-stream
gulp-decompress,readable-stream
vinyl-assign,readable-stream
tar-stream,readable-stream
buffer-to-vinyl,readable-stream
imagemin,readable-stream
bufferstreams,readable-stream
gulp-minify-css,readable-stream
node-libs-browser,readable-stream
memory-fs,readable-stream
superagent,readable-stream
spdy-transport,readable-stream
hpack.js,readable-stream
sinopia,readable-stream
gulp-watch,readable-stream
busboy,readable-stream
dicer,readable-stream
replacestream,readable-stream
plist,util-deprecate
underscore.string,util-deprecate
readable-stream,util-deprecate
skipper,string_decoder
node-libs-browser,string_decoder
browserify,string_decoder
readable-stream,string_decoder
readable-stream,process-nextick-args
hsts,core-util-is
verror,core-util-is
readable-stream,core-util-is
fobject,semver
accord,semver
pg,semver
node-notifier,semver
sinopia,semver
sequelize,semver
restify,semver
ember-cli-version-checker,semver
sails-hook-sockets,semver
sails,semver
skipper,semver
node-inspector,semver
npmi,semver
npm-check-updates,semver
init-package-json,semver
cordova-lib,semver
cordova-common,semver
npmconf,semver
win-release,semver
bin-version-check,semver
semver-truncate,semver
yeoman-doctor,semver
package-json,semver
semver-diff,semver
log4js,semver
require_optional,semver
node-pre-gyp,semver
pm2,semver
gulp,semver
node-gyp,semver
npm-install-checks,semver
npm-registry-client,semver
read-installed,semver
normalize-package-data,semver
npm-package-arg,semver
npm,semver
npm-registry-client,retry
npm,retry
request-promise,request
phantomjs-prebuilt,request
uncss,request
phantomjs,request
sinopia,request
localtunnel,request
less,request
cordova-lib,request
insight,request
jsdom,request
node-pre-gyp,request
node-gyp,request
npm-registry-client,request
npm,request
restify,tunnel-agent
caw,tunnel-agent
request,tunnel-agent
insight,tough-cookie
jsdom,tough-cookie
request,tough-cookie
request,stringstream
request,oauth-sign
minimize,node-uuid
sequelize,node-uuid
restify,node-uuid
skipper,node-uuid
skipper-disk,node-uuid
xcode,node-uuid
request,node-uuid
nock,json-stringify-safe
sails-util,json-stringify-safe
pmx,json-stringify-safe
pm2-axon-rpc,json-stringify-safe
request,json-stringify-safe
winston,isstream
request,isstream
request,is-typedarray
restify,http-signature
request,http-signature
http-signature,sshpk
sshpk,ecc-jsbn
sshpk,jodid25519
sshpk,tweetnacl
jodid25519,jsbn
ecc-jsbn,jsbn
sshpk,jsbn
sshpk,dashdash
restify,assert-plus
dashdash,assert-plus
http-signature,assert-plus
sshpk,assert-plus
sshpk,asn1
http-signature,jsprim
vasync,verror
restify,verror
jsprim,verror
jsprim,json-schema
verror,extsprintf
jsprim,extsprintf
request,hawk
hawk,sntp
accept,hoek
ammo,hoek
call,hoek
catbox,hoek
catbox-memory,hoek
heavy,hoek
hapi,hoek
kilt,hoek
mimos,hoek
statehood,hoek
iron,hoek
joi,hoek
subtext,hoek
b64,hoek
pez,hoek
nigel,hoek
vise,hoek
wreck,hoek
topo,hoek
hawk,hoek
boom,hoek
sntp,hoek
hapi,cryptiles
statehood,cryptiles
iron,cryptiles
hawk,cryptiles
accept,boom
ammo,boom
hapi,boom
call,boom
catbox,boom
heavy,boom
statehood,boom
iron,boom
subtext,boom
pez,boom
content,boom
wreck,boom
hawk,boom
cryptiles,boom
request,har-validator
eslint,is-my-json-valid
har-validator,is-my-json-valid
jsonwebtoken,xtend
watchify,xtend
multer,xtend
postgres-interval,xtend
sanitize-html,xtend
win-detect-browsers,xtend
tar-stream,xtend
error,xtend
stream-http,xtend
insert-module-globals,xtend
module-deps,xtend
browserify,xtend
through2,xtend
through2-filter,xtend
is-my-json-valid,xtend
is-my-json-valid,jsonpointer
is-my-json-valid,generate-object-property
is-my-json-valid,generate-function
uncss,commander
sinopia,commander
npm-check-updates,commander
stream-throttle,commander
seek-bzip,commander
mocha,commander
clean-css,commander
jade,commander
pm2,commander
pm2-axon-rpc,commander
har-validator,commander
commander,graceful-readlink
eslint,chalk
table,chalk
grunt-contrib-jshint,chalk
marked-terminal,chalk
run-sequence,chalk
gulp-livereload,chalk
babel-code-frame,chalk
grunt-contrib-coffee,chalk
grunt-contrib-concat,chalk
grunt-contrib-copy,chalk
grunt-contrib-cssmin,chalk
grunt-contrib-jst,chalk
grunt-contrib-less,chalk
grunt-contrib-uglify,chalk
maxmin,chalk
geojsonhint,chalk
nomnom,chalk
npm-check-updates,chalk
node-alias,chalk
gulp-imagemin,chalk
squeak,chalk
clap,chalk
tfunk,chalk
cordova-serve,chalk
yo,chalk
insight,chalk
sudo-block,chalk
yeoman-doctor,chalk
yosay,chalk
yeoman-generator,chalk
strip-dirs,chalk
sum-up,chalk
yeoman-environment,chalk
inquirer,chalk
log-symbols,chalk
yeoman-welcome,chalk
boxen,chalk
update-notifier,chalk
pm2,chalk
gulp,chalk
gulp-util,chalk
fancy-log,chalk
har-validator,chalk
istanbul,supports-color
webpack,supports-color
postcss,supports-color
yeoman-character,supports-color
mocha,supports-color
chalk,supports-color
chalk,has-ansi
replacestream,escape-string-regexp
gulp-inject,escape-string-regexp
strip-outer,escape-string-regexp
trim-repeated,escape-string-regexp
yeoman-environment,escape-string-regexp
mocha,escape-string-regexp
chalk,escape-string-regexp
yosay,ansi-styles
chalk,ansi-styles
superagent,form-data
request,form-data
request,combined-stream
form-data,combined-stream
combined-stream,delayed-stream
minimize,async
istanbul,async
sinopia,async
winser,async
grunt-contrib-clean,async
grunt-contrib-less,async
grunt-contrib-watch,async
messageformat,async
sails-disk,async
waterline-cursor,async
sails-generate,async
sails-generate-api,async
sails-generate-new,async
sails-hook-orm,async
sails-hook-sockets,async
skipper,async
waterline,async
webpack,async
watchpack,async
node-inspector,async
portfinder,async
portscanner,async
yo,async
insight,async
handlebars,async
yeoman-generator,async
uglify-js,async
nconf,async
utile,async
winston,async
mongoose,async
grunt-legacy-util,async
pm2,async
vizion,async
pm2-deploy,async
form-data,async
request-promise,lodash
uncss,lodash
nock,lodash
accord,lodash
eslint,lodash
table,lodash
babel-helper-define-map,lodash
babel-helper-regex,lodash
babel-plugin-transform-es2015-block-scoping,lodash
sequelize,lodash
gulp-jshint,lodash
rcloader,lodash
rcfinder,lodash
babel-generator,lodash
babel-template,lodash
babel-register,lodash
babel-traverse,lodash
babel-types,lodash
babel-core,lodash
grunt-contrib-coffee,lodash
grunt-contrib-jst,lodash
grunt-contrib-less,lodash
grunt-contrib-uglify,lodash
globule,lodash
grunt-contrib-watch,lodash
grunt-sync,lodash
sails,lodash
sails-build-dictionary,lodash
sails-disk,lodash
waterline-cursor,lodash
sails-generate,lodash
reportback,lodash
captains-log,lodash
async,lodash
grunt-legacy-util,lodash
grunt-legacy-log,lodash
grunt-legacy-log-utils,lodash
benchmark,lodash
cheerio,lodash
karma,lodash
yeoman-environment,lodash
inquirer,lodash
grouped-queue,lodash
yeoman-test,lodash
yeoman-assert,lodash
yeoman-generator,lodash
gruntfile-editor,lodash
ast-query,lodash
yo,lodash
browser-sync,lodash
opt-merger,lodash
easy-extender,lodash
node-alias,lodash
npm-check-updates,lodash
jshint,lodash
browser-launcher2,lodash
waterline-schema,lodash
waterline-criteria,lodash
switchback,lodash
waterline,lodash
anchor,lodash
skipper-disk,lodash
skipper,lodash
sails-util,lodash
sails-stringfile,lodash
rttc,lodash
machine,lodash
machinepack-urls,lodash
sails-hook-sockets,lodash
sails-hook-orm,lodash
merge-defaults,lodash
sails-generate-views-jade,lodash
sails-generate-views,lodash
sails-generate-sails.io.js,lodash
sails-generate-new,lodash
sails-generate-model,lodash
sails-generate-gruntfile,lodash
sails-generate-generator,lodash
sails-generate-frontend,lodash
sails-generate-controller,lodash
sails-generate-backend,lodash
sails-generate-api,lodash
sails-generate-adapter,lodash
request,forever-agent
superagent,extend
dom-serialize,extend
liftoff,extend
glob-stream,extend
request,extend
request,caseless
tar-stream,bl
request,bl
request,aws4
restify,lru-cache
cross-spawn-async,lru-cache
useragent,lru-cache
aws4,lru-cache
lru-cache,yallist
lru-cache,pseudomap
request,aws-sign2
npm,realize-package-specifier
init-package-json,npm-package-arg
npm,npm-package-arg
npm-registry-client,npm-package-arg
realize-package-specifier,npm-package-arg
normalize-package-data,hosted-git-info
npm-package-arg,hosted-git-info
npm,read-package-tree
init-package-json,read-package-json
read-installed,read-package-json
npm,read-package-json
read-package-tree,read-package-json
read-pkg,normalize-package-data
meow,normalize-package-data
npm,normalize-package-data
npm-registry-client,normalize-package-data
read-package-json,normalize-package-data
normalize-package-data,is-builtin-module
npm-check-updates,json-parse-helpfulerror
read-package-json,json-parse-helpfulerror
express-json5,jju
sinopia,jju
json-parse-helpfulerror,jju
eslint,path-is-absolute
gulp-watch,path-is-absolute
babel-core,path-is-absolute
node-inspector,path-is-absolute
fs-extra,path-is-absolute
yeoman-generator,path-is-absolute
forever,path-is-absolute
grunt,path-is-absolute
chokidar,path-is-absolute
glob,path-is-absolute
gulp-match,minimatch
fileset,minimatch
sinopia,minimatch
gulp-jshint,minimatch
babel-core,minimatch
broccoli-funnel,minimatch
matcher-collection,minimatch
globule,minimatch
jshint,minimatch
resp-modifier,minimatch
twig,minimatch
multimatch,minimatch
nodemon,minimatch
karma,minimatch
forever-monitor,minimatch
grunt,minimatch
fstream-ignore,minimatch
readdirp,minimatch
node-gyp,minimatch
glob,minimatch
glob,inflight
npm,read-installed
read-installed,util-extend
npm,read-cmd-shim
promzard,read
init-package-json,read
prompt,read
npm,read
readline2,mute-stream
read,mute-stream
eslint,path-is-inside
is-path-inside,path-is-inside
npm,path-is-inside
browser-launcher2,osenv
cordova-common,osenv
npmconf,osenv
configstore,osenv
node-gyp,osenv
npm,osenv
temp,os-tmpdir
home-or-tmp,os-tmpdir
tmp,os-tmpdir
tempfile,os-tmpdir
configstore,os-tmpdir
osenv,os-tmpdir
home-or-tmp,os-homedir
untildify,os-homedir
xdg-basedir,os-homedir
expand-tilde,os-homedir
tildify,os-homedir
user-home,os-homedir
osenv,os-homedir
http-server,opener
cordova-lib,opener
npm,opener
node-pre-gyp,npmlog
node-gyp,npmlog
npm-registry-client,npmlog
npm,npmlog
npmlog,gauge
gauge,lodash.padstart
lodash.escape,lodash.tostring
lodash.template,lodash.tostring
lodash.pad,lodash.tostring
lodash.padend,lodash.tostring
lodash.padstart,lodash.tostring
gauge,lodash.padend
gauge,lodash.pad
gauge,has-unicode
cordova,ansi
cordova-common,ansi
npmlog,ansi
gauge,ansi
npmlog,are-we-there-yet
koa,delegates
are-we-there-yet,delegates
npm,npm-user-validate
npm,npm-registry-client
base64url,concat-stream
multer,concat-stream
eslint,concat-stream
extract-zip,concat-stream
geojsonhint,concat-stream
win-detect-browsers,concat-stream
imagemin,concat-stream
spawn-sync,concat-stream
download,concat-stream
decompress,concat-stream
browserify,concat-stream
insert-module-globals,concat-stream
module-deps,concat-stream
npm-registry-client,concat-stream
concat-stream,typedarray
npm-registry-client,chownr
npm,npm-install-checks
npm,npm-cache-filename
npm,normalize-git-url
istanbul,nopt
messageformat,nopt
weinre,nopt
cordova-lib,nopt
cordova,nopt
npmconf,nopt
yeoman-generator,nopt
touch,nopt
grunt-cli,nopt
grunt,nopt
node-pre-gyp,nopt
node-gyp,nopt
npm,nopt
istanbul,abbrev
nopt,abbrev
npm,node-gyp
node-gyp,path-array
path-array,array-index
es6-set,es6-symbol
es6-map,es6-symbol
es6-weak-map,es6-symbol
es6-iterator,es6-symbol
es5-ext,es6-symbol
array-index,es6-symbol
minimatch,brace-expansion
brace-expansion,concat-map
brace-expansion,balanced-match
gulp-useref,vinyl-fs
imagemin,vinyl-fs
decompress,vinyl-fs
download,vinyl-fs
gulp,vinyl-fs
gulp-watch,vinyl
buffer-to-vinyl,vinyl
decompress-tar,vinyl
decompress-tarbz2,vinyl
decompress-targz,vinyl
decompress-unzip,vinyl
download,vinyl
mem-fs-editor,vinyl
mem-fs,vinyl
vinyl-file,vinyl
gulp-util,vinyl
gulp-sourcemaps,vinyl
vinyl-fs,vinyl
gulp-util,replace-ext
vinyl,replace-ext
vinyl,clone-stats
broccoli-babel-transpiler,clone
ember-cli-babel,clone
webpack,clone
transformers,clone
forever,clone
vinyl,clone
vinyl-fs,vali-date
unique-stream,through2-filter
vinyl-fs,through2-filter
gulp-changed,through2
gulp-less,through2
watchify,through2
gulp-minify-html,through2
gulp-useref,through2
ternary-stream,through2
gulp-if,through2
gulp-notify,through2
gulp-plumber,through2
gulp-inject,through2
gulp-jshint,through2
win-detect-browsers,through2
imagemin-gifsicle,through2
imagemin-jpegtran,through2
imagemin-optipng,through2
imagemin-svgo,through2
through2-concurrent,through2
gulp-autoprefixer,through2
decompress-tar,through2
decompress-tarbz2,through2
decompress-targz,through2
decompress-unzip,through2
mem-fs-editor,through2
yeoman-generator,through2
mem-fs,through2
gulp-sass,through2
gulp-concat,through2
gulp-uglify,through2
browser-pack,through2
deps-sort,through2
insert-module-globals,through2
module-deps,through2
browserify,through2
gulp-util,through2
glob-stream,through2
gulp-sourcemaps,through2
vinyl-fs,through2
through2-filter,through2
vinyl-file,strip-bom-stream
vinyl-fs,strip-bom-stream
ember-cli-htmlbars,strip-bom
vinyl-file,strip-bom
load-json-file,strip-bom
gulp-sourcemaps,strip-bom
vinyl-fs,strip-bom
strip-bom-stream,strip-bom
strip-bom,is-utf8
strip-bom-stream,first-chunk-stream
gulp-uncss,object-assign
replacestream,object-assign
gulp-less,object-assign
multer,object-assign
esrecurse,object-assign
file-entry-cache,object-assign
del,object-assign
enhanced-resolve,object-assign
loader-utils,object-assign
gulp-minify-css,object-assign
gulp-imagemin,object-assign
insight,object-assign
npm-keyword,object-assign
opn,object-assign
execa,object-assign
caw,object-assign
decompress-tar,object-assign
decompress-tarbz2,object-assign
decompress-targz,object-assign
vinyl-assign,object-assign
download,object-assign
class-extend,object-assign
globby,object-assign
boxen,object-assign
configstore,object-assign
react,object-assign
gulp-sass,object-assign
pkg-conf,object-assign
forever,object-assign
meow,object-assign
gulp-util,object-assign
vinyl-fs,object-assign
ternary-stream,merge-stream
win-detect-browsers,merge-stream
vinyl-fs,merge-stream
vinyl-fs,lodash.isequal
lodash.assign,lodash.keys
lodash.template,lodash.keys
lodash.isequal,lodash.keys
lodash.merge,lodash._stack
lodash.isequal,lodash._stack
lodash.isequal,lodash._root
vinyl-fs,lazystream
vinyl-fs,is-valid-glob
vinyl-fs,gulp-sourcemaps
accord,convert-source-map
babel-core,convert-source-map
combine-source-map,convert-source-map
gulp-sourcemaps,convert-source-map
vinyl-fs,glob-stream
win-detect-browsers,unique-stream
glob-stream,unique-stream
ember-cli-htmlbars,json-stable-stringify
eslint,json-stable-stringify
broccoli-babel-transpiler,json-stable-stringify
shasum,json-stable-stringify
unique-stream,json-stable-stringify
glob-stream,to-absolute-glob
to-absolute-glob,extend-shallow
glob-stream,ordered-read-streams
hasha,is-stream
got,is-stream
node-fetch,is-stream
ordered-read-streams,is-stream
browser-sync,micromatch
anymatch,micromatch
findup-sync,micromatch
glob-stream,micromatch
micromatch,regex-cache
micromatch,parse-glob
micromatch,object.omit
micromatch,normalize-path
group-array,kind-of
is-number,kind-of
randomatic,kind-of
micromatch,kind-of
glob-base,is-glob
parse-glob,is-glob
chokidar,is-glob
findup-sync,is-glob
glob-parent,is-glob
micromatch,is-glob
extglob,is-extglob
parse-glob,is-extglob
is-glob,is-extglob
micromatch,is-extglob
micromatch,filename-regex
micromatch,extglob
micromatch,expand-brackets
expand-braces,braces
micromatch,braces
expand-braces,array-unique
micromatch,array-unique
micromatch,arr-diff
glob-base,glob-parent
chokidar,glob-parent
glob-stream,glob-parent
ternary-stream,duplexify
win-detect-browsers,duplexify
vinyl-fs,duplexify
tar-stream,end-of-stream
orchestrator,end-of-stream
duplexify,end-of-stream
gulp,v8flags
eslint,user-home
yo,user-home
yeoman-doctor,user-home
yeoman-generator,user-home
v8flags,user-home
gulp,tildify
gulp,pretty-hrtime
gulp,orchestrator
orchestrator,stream-consume
orchestrator,sequencify
gulp,liftoff
accord,resolve
tape,resolve
istanbul,resolve
hash-for-dep,resolve
ember-cli-babel,resolve
gulp-load-plugins,resolve
grunt-cli,resolve
browser-resolve,resolve
module-deps,resolve
browserify,resolve
rechoir,resolve
liftoff,resolve
liftoff,rechoir
liftoff,flagged-respawn
gulp-load-plugins,findup-sync
grunt,findup-sync
grunt-cli,findup-sync
liftoff,findup-sync
findup-sync,resolve-dir
resolve-dir,global-modules
resolve-dir,expand-tilde
webpack,interpret
gulp,interpret
gulp-uncss,gulp-util
gulp-changed,gulp-util
gulp-less,gulp-util
gulp-minify-html,gulp-util
gulp-useref,gulp-util
gulp-notify,gulp-util
run-sequence,gulp-util
gulp-watch,gulp-util
gulp-plumber,gulp-util
gulp-livereload,gulp-util
gulp-inject,gulp-util
gulp-jshint,gulp-util
gulp-load-plugins,gulp-util
gulp-minify-css,gulp-util
gulp-imagemin,gulp-util
gulp-autoprefixer,gulp-util
gulp-decompress,gulp-util
gulp-sass,gulp-util
gulp-concat,gulp-util
gulp-uglify,gulp-util
gulp,gulp-util
gulp-util,multipipe
browserify,duplexer2
module-deps,duplexer2
stream-combiner2,duplexer2
multipipe,duplexer2
gulp-notify,lodash.template
gulp-util,lodash.template
lodash.template,lodash.templatesettings
lodash.templatesettings,lodash.escape
gulp-util,lodash._reinterpolate
lodash.template,lodash._reinterpolate
lodash.templatesettings,lodash._reinterpolate
lodash.merge,lodash.rest
lodash.defaults,lodash.rest
lodash.assign,lodash.rest
lodash.assigninwith,lodash.rest
lodash.template,lodash.rest
lodash.defaults,lodash.assigninwith
lodash.template,lodash.assigninwith
lodash.merge,lodash.keysin
lodash.assigninwith,lodash.keysin
gulp-util,lodash._reevaluate
gulp-util,lodash._reescape
gulp-util,has-gulplog
glogg,sparkles
has-gulplog,sparkles
gulp-util,gulplog
gulplog,glogg
gulp-uglify,fancy-log
gulp-util,fancy-log
fancy-log,time-stamp
yeoman-generator,dateformat
grunt,dateformat
gulp-util,dateformat
base64url,meow
default-browser-id,meow
lpad-align,meow
foxy,meow
browser-sync,meow
yo,meow
github-username,meow
dateformat,meow
meow,trim-newlines
meow,redent
yo,read-pkg-up
yeoman-generator,read-pkg-up
yargs,read-pkg-up
meow,read-pkg-up
camelcase-keys,map-obj
meow,map-obj
meow,loud-rejection
humanize-string,decamelize
yargs,decamelize
meow,decamelize
meow,camelcase-keys
npm-check-updates,get-stdin
lpad-align,get-stdin
taketalk,get-stdin
strip-dirs,get-stdin
strip-indent,get-stdin
dateformat,get-stdin
gulp-util,beeper
find-versions,array-uniq
array-union,array-uniq
gulp-util,array-uniq
multimatch,array-differ
gulp-util,array-differ
gulp,deprecated
gulp,archy
generate-object-property,is-property
supports-color,has-flag
watchify,browserify
cordova-js,browserify
node-libs-browser,vm-browserify
browserify,vm-browserify
engine.io-client,indexof
socket.io-client,indexof
vm-browserify,indexof
path,util
node-libs-browser,util
sinon,util
assert,util
browserify,util
node-libs-browser,url
browserify,url
url,querystring
node-libs-browser,punycode
browserify,punycode
url,punycode
node-libs-browser,tty-browserify
browserify,tty-browserify
node-libs-browser,timers-browserify
browserify,timers-browserify
timers-browserify,setimmediate
browserify,syntax-error
espree,acorn
acorn-jsx,acorn
falafel,acorn
jsdom,acorn
constantinople,acorn
with,acorn
acorn-globals,acorn
astw,acorn
detective,acorn
syntax-error,acorn
deps-sort,subarg
module-deps,subarg
browserify,subarg
node-libs-browser,stream-browserify
browserify,stream-browserify
outpipe,shell-quote
browserify,shell-quote
shell-quote,array-map
shell-quote,array-reduce
shell-quote,array-filter
json-stable-stringify,jsonify
shell-quote,jsonify
deps-sort,shasum
browserify,shasum
create-hash,sha.js
shasum,sha.js
browserify,read-only-stream
node-libs-browser,querystring-es3
browserify,querystring-es3
path,process
node-libs-browser,process
insert-module-globals,process
browserify,process
node-libs-browser,path-browserify
browserify,path-browserify
module-deps,parents
browserify,parents
parents,path-platform
node-libs-browser,os-browserify
browserify,os-browserify
browserify,module-deps
imagemin,stream-combiner2
decompress,stream-combiner2
download,stream-combiner2
module-deps,stream-combiner2
module-deps,detective
watchify,defined
tape,defined
browser-pack,defined
browserify,defined
module-deps,defined
detective,defined
browserify,browser-resolve
module-deps,browser-resolve
sinopia,JSONStream
browserify,JSONStream
browser-pack,JSONStream
deps-sort,JSONStream
insert-module-globals,JSONStream
module-deps,JSONStream
resumer,through
tape,through
browserify-transform-tools,through
inquirer,through
event-stream,through
pause-stream,through
split,through
stream-combiner,through
JSONStream,through
JSONStream,jsonparse
browserify,labeled-stream-splicer
labeled-stream-splicer,stream-splicer
browserify,insert-module-globals
insert-module-globals,lexical-scope
lexical-scope,astw
kind-of,is-buffer
insert-module-globals,is-buffer
browser-pack,combine-source-map
insert-module-globals,combine-source-map
stylus,source-map
babel-generator,source-map
babel-core,source-map
grunt-contrib-concat,source-map
webpack-core,source-map
csso,source-map
less,source-map
postcss,source-map
handlebars,source-map
karma,source-map
concat-with-sourcemaps,source-map
escodegen,source-map
vinyl-sourcemaps-apply,source-map
clean-css,source-map
css,source-map
uglify-js,source-map
source-map-support,source-map
inline-source-map,source-map
combine-source-map,source-map
combine-source-map,lodash.memoize
lodash.memoize,lodash._mapcache
combine-source-map,inline-source-map
node-libs-browser,https-browserify
browserify,https-browserify
browserify,stream-http
stream-http,to-arraybuffer
stream-http,builtin-status-codes
browserify,htmlescape
tape,has
browserify,has
tape,function-bind
es-abstract,function-bind
string.prototype.trim,function-bind
has,function-bind
node-libs-browser,events
browserify,events
node-libs-browser,domain-browser
browserify,domain-browser
browserify,deps-sort
node-libs-browser,crypto-browserify
browserify,crypto-browserify
diffie-hellman,randombytes
browserify-rsa,randombytes
public-encrypt,randombytes
crypto-browserify,randombytes
crypto-browserify,public-encrypt
browserify-sign,parse-asn1
public-encrypt,parse-asn1
crypto-browserify,pbkdf2
parse-asn1,pbkdf2
browserify-aes,evp_bytestokey
browserify-cipher,evp_bytestokey
parse-asn1,evp_bytestokey
browserify-aes,create-hash
evp_bytestokey,create-hash
browserify-sign,create-hash
crypto-browserify,create-hash
create-hmac,create-hash
public-encrypt,create-hash
parse-asn1,create-hash
browserify-cipher,browserify-aes
parse-asn1,browserify-aes
parse-asn1,asn1.js
create-hash,ripemd160
browserify-aes,cipher-base
browserify-des,cipher-base
create-hash,cipher-base
browserify-sign,browserify-rsa
public-encrypt,browserify-rsa
asn1.js,bn.js
browserify-sign,bn.js
create-ecdh,bn.js
elliptic,bn.js
diffie-hellman,bn.js
miller-rabin,bn.js
public-encrypt,bn.js
browserify-rsa,bn.js
browserify-sign,create-hmac
crypto-browserify,create-hmac
pbkdf2,create-hmac
crypto-browserify,diffie-hellman
diffie-hellman,miller-rabin
elliptic,brorand
miller-rabin,brorand
crypto-browserify,create-ecdh
browserify-sign,elliptic
create-ecdh,elliptic
elliptic,hash.js
crypto-browserify,browserify-sign
crypto-browserify,browserify-cipher
browserify-cipher,browserify-des
browserify-des,des.js
browserify-aes,buffer-xor
node-libs-browser,constants-browserify
browserify,constants-browserify
node-libs-browser,console-browserify
jshint,console-browserify
browserify,console-browserify
console-browserify,date-now
node-libs-browser,buffer
browserify,buffer
buffer,ieee754
plist,base64-js
buffer,base64-js
node-libs-browser,browserify-zlib
browserify,browserify-zlib
browserify-zlib,pako
browserify,browser-pack
browser-pack,umd
node-libs-browser,assert
browserify,assert
pm2,ikt
babel-register,source-map-support
pm2,source-map-support
pm2,yamljs
markdown-it,argparse
js-yaml,argparse
yamljs,argparse
i18n,sprintf-js
underscore.string,sprintf-js
argparse,sprintf-js
eslint,shelljs
jshint,shelljs
cordova-lib,shelljs
cordova-common,shelljs
yeoman-generator,shelljs
pm2,shelljs
pm2,pm2-multimeter
pm2-multimeter,charm
pm2,pm2-deploy
table,tv4
pm2-deploy,tv4
pm2,pm2-axon-rpc
pm2,pm2-axon
amp-message,amp
pm2-axon,amp
pm2-axon,amp-message
pm2-axon,escape-regexp
pm2-axon,configurable
pm2,vizion
pm2,pmx
pm2,pidusage
forever,nssocket
pm2,nssocket
nssocket,lazy
grunt,eventemitter2
pm2,eventemitter2
nssocket,eventemitter2
sequelize,moment
bunyan,moment
joi,moment
moment-timezone,moment
pm2,moment
pm2,cron
cron-parser,moment-timezone
sequelize,moment-timezone
cron,moment-timezone
grunt-contrib-coffee,coffee-script
grunt,coffee-script
pm2,coffee-script
marked-terminal,cli-table
npm-check-updates,cli-table
yeoman-generator,cli-table
pm2,cli-table
captains-log,colors
sails-stringfile,colors
skipper,colors
http-server,colors
svgo,colors
karma,colors
cliff,colors
forever,colors
prompt,colors
prettyjson,colors
winston,colors
grunt-legacy-log,colors
grunt-legacy-log-utils,colors
cli-table,colors
watchify,chokidar
gulp-watch,chokidar
watchpack,chokidar
browser-sync,chokidar
nodemon,chokidar
karma,chokidar
forever-monitor,chokidar
pm2,chokidar
chokidar,fsevents
v8-debug,node-pre-gyp
v8-profiler,node-pre-gyp
fsevents,node-pre-gyp
node-pre-gyp,tar-pack
sails,rc
captains-log,rc
node-inspector,rc
get-proxy,rc
package-json,rc
registry-url,rc
node-pre-gyp,rc
fs-ext,nan
crypt3,nan
dtrace-provider,nan
bcrypt,nan
v8-debug,nan
v8-profiler,nan
fsevents,nan
chokidar,readdirp
chokidar,is-binary-path
is-binary-path,binary-extensions
chokidar,async-each
watchify,anymatch
gulp-watch,anymatch
chokidar,anymatch
gulp-inject,arrify
sort-on,arrify
multimatch,arrify
globby,arrify
anymatch,arrify
object.omit,is-extendable
extend-shallow,is-extendable
is-equal-shallow,is-primitive
regex-cache,is-primitive
regex-cache,is-equal-shallow
parse-glob,is-dotfile
parse-glob,glob-base
object.omit,for-own
for-own,for-in
expand-brackets,is-posix-bracket
fill-range,repeat-element
braces,repeat-element
braces,preserve
braces,expand-range
expand-range,fill-range
fill-range,repeat-string
fill-range,randomatic
fill-range,is-number
randomatic,is-number
gulp-uglify,isobject
fill-range,isobject
arr-diff,arr-flatten
global-modules,global-prefix
redent,strip-indent
redent,indent-string
detect-indent,repeating
babel-generator,repeating
babel-code-frame,repeating
babel-traverse,repeating
yo,repeating
yosay,repeating
boxen,repeating
indent-string,repeating
is-integer,is-finite
repeating,is-finite
dargs,number-is-nan
pretty-bytes,number-is-nan
code-point-at,number-is-nan
is-fullwidth-code-point,number-is-nan
is-finite,number-is-nan
read-pkg-up,read-pkg
read-pkg,path-type
hasha,pinkie-promise
del,pinkie-promise
executable,pinkie-promise
bin-check,pinkie-promise
npm-keyword,pinkie-promise
opn,pinkie-promise
read-all-stream,pinkie-promise
globby,pinkie-promise
inquirer,pinkie-promise
run-async,pinkie-promise
vinyl-file,pinkie-promise
get-stream,pinkie-promise
path-exists,pinkie-promise
find-up,pinkie-promise
load-json-file,pinkie-promise
path-type,pinkie-promise
pinkie-promise,pinkie
del,pify
executable,pify
passwd-user,pify
fullname,pify
globby,pify
vinyl-file,pify
load-json-file,pify
path-type,pify
is-builtin-module,builtin-modules
pkg-conf,load-json-file
read-pkg,load-json-file
load-json-file,parse-json
parse-json,error-ex
simple-swizzle,is-arrayish
error-ex,is-arrayish
npm-check-updates,find-up
yeoman-generator,find-up
pkg-conf,find-up
read-pkg-up,find-up
babel-register,path-exists
babel-core,path-exists
win-detect-browsers,path-exists
yeoman-generator,path-exists
yeoman-assert,path-exists
find-up,path-exists
loud-rejection,signal-exit
loud-rejection,array-find-index
boxen,camelcase
yargs,camelcase
yargs-parser,camelcase
camelcase-keys,camelcase
wbuf,minimalistic-assert
des.js,minimalistic-assert
asn1.js,minimalistic-assert
tar-pack,fstream-ignore
eslint,strip-json-comments
jshint,strip-json-comments
shush,strip-json-comments
rc,strip-json-comments
config-chain,ini
npmconf,ini
nconf,ini
rc,ini
mem-fs-editor,deep-extend
rc,deep-extend
sails,grunt
eslint,js-yaml
istanbul,js-yaml
sinopia,js-yaml
render-readme,js-yaml
svgo,js-yaml
grunt,js-yaml
redeyed,esprima
istanbul,esprima
webpack,esprima
ast-query,esprima
escodegen,esprima
js-yaml,esprima
body-parser,iconv-lite
raw-body,iconv-lite
encoding,iconv-lite
libmime,iconv-lite
grunt,iconv-lite
grunt,grunt-legacy-util
is-unc-path,unc-path-regex
quick-temp,underscore.string
include-all,underscore.string
sails-generate-controller,underscore.string
sails-generate-model,underscore.string
sails-util,underscore.string
yeoman-generator,underscore.string
grunt-legacy-log-utils,underscore.string
grunt-legacy-log,underscore.string
grunt-legacy-util,underscore.string
grunt-contrib-jshint,hooker
grunt-legacy-log,hooker
grunt-legacy-util,hooker
grunt-legacy-util,getobject
cli,exit
jshint,exit
grunt,exit
grunt-legacy-util,exit
grunt,grunt-legacy-log
grunt-legacy-log,grunt-legacy-log-utils
grunt-cli,grunt-known-options
grunt,grunt-known-options
sails,grunt-cli
grunt,grunt-cli
sails-hook-sockets,socket.io
browser-sync,socket.io
karma,socket.io
engine.io-parser,has-binary
socket.io-client,has-binary
socket.io,has-binary
socket.io,socket.io-adapter
socket.io,socket.io-parser
socket.io-client,socket.io-parser
socket.io-adapter,socket.io-parser
socket.io-parser,benchmark
helmet-csp,platform
benchmark,platform
superagent,component-emitter
engine.io-client,component-emitter
socket.io-client,component-emitter
socket.io-parser,component-emitter
socket.io-parser,json3
sails-hook-sockets,socket.io-client
socket.io,socket.io-client
socket.io-client,backo2
socket.io-client,to-array
engine.io-client,parseuri
socket.io-client,parseuri
parsejson,better-assert
parseqs,better-assert
parseuri,better-assert
better-assert,callsite
socket.io-client,object-component
socket.io-client,component-bind
socket.io-client,engine.io-client
engine.io-client,yeast
engine.io-client,component-inherit
engine.io-client,parseqs
engine.io-client,parsejson
engine.io,engine.io-parser
engine.io-client,engine.io-parser
engine.io-parser,utf8
engine.io-parser,blob
engine.io-parser,base64-arraybuffer
engine.io-parser,arraybuffer.slice
win-detect-browsers,after
engine.io-parser,after
engine.io-client,xmlhttprequest-ssl
node-inspector,ws
engine.io,ws
engine.io-client,ws
ws,ultron
ws,options
engine.io-client,has-cors
socket.io,engine.io
engine.io,base64id
mquery,sliced
mongoose,sliced
mquery,regexp-clone
mongoose,regexp-clone
mongoose,muri
mongoose,mquery
request-promise,bluebird
uncss,bluebird
table,bluebird
sequelize,bluebird
retry-as-promised,bluebird
waterline,bluebird
npm-check-updates,bluebird
foreachasync,bluebird
karma,bluebird
mquery,bluebird
mongoose,mpromise
mongoose,mpath
mongoose,mongodb
mongodb,mongodb-core
mongodb-core,require_optional
require-uncached,resolve-from
require_optional,resolve-from
mongoose,bson
mongodb-core,bson
nodemon,es6-promise
mongodb,es6-promise
mongoose,kareem
mongoose,hooks-fixed
cliff,winston
prompt,winston
forever,winston
winston,stack-trace
prompt,pkginfo
winston,pkginfo
cliff,eyes
winston,eyes
winston,cycle
prompt,utile
forever-monitor,utile
forever,utile
mv,ncp
utile,ncp
utile,i
nock,deep-equal
tape,deep-equal
http-assert,deep-equal
utile,deep-equal
forever,timespan
forever,shush
shush,caller
forever,prettyjson
sails-util,optimist
webpack,optimist
http-server,optimist
handlebars,optimist
karma,optimist
flatiron,optimist
forever,optimist
istanbul,wordwrap
optionator,wordwrap
optimist,wordwrap
forever,nconf
win-detect-browsers,yargs
node-inspector,yargs
localtunnel,yargs
uglify-js,yargs
nconf,yargs
yargs,yargs-parser
helmet-csp,lodash.assign
marked-terminal,lodash.assign
gulp-livereload,lodash.assign
yargs,lodash.assign
yargs-parser,lodash.assign
yargs,y18n
yargs,window-size
table,string-width
yosay,string-width
inquirer,string-width
boxen,string-width
widest-line,string-width
cliui,string-width
wrap-ansi,string-width
yargs,string-width
readline2,is-fullwidth-code-point
string-width,is-fullwidth-code-point
readline2,code-point-at
string-width,code-point-at
yargs,require-main-filename
yargs,pkg-conf
pkg-conf,symbol
yargs,os-locale
os-locale,lcid
lcid,invert-kv
yargs,cliui
yosay,wrap-ansi
cliui,wrap-ansi
nconf,secure-keys
forever,forever-monitor
nodemon,ps-tree
forever-monitor,ps-tree
gulp-useref,event-stream
gulp-livereload,event-stream
gulp-inject,event-stream
ps-tree,event-stream
event-stream,stream-combiner
gzip-size,duplexer
event-stream,duplexer
stream-combiner,duplexer
pgpass,split
event-stream,split
event-stream,pause-stream
event-stream,map-stream
event-stream,from
flatiron,broadway
forever-monitor,broadway
broadway,understudy
broadway,create-servers
create-servers,errs
create-servers,connected
forever,flatiron
flatiron,director
sails,prompt
sails-hook-orm,prompt
waterline,prompt
flatiron,prompt
prompt,revalidator
forever,cliff
mocha,jade
jade,with
jsdom,acorn-globals
with,acorn-globals
dom-serialize,void-elements
jade,void-elements
accord,uglify-js
grunt-contrib-uglify,uglify-js
webpack,uglify-js
handlebars,uglify-js
gulp-uglify,uglify-js
transformers,uglify-js
jade,uglify-js
uglify-js,uglify-to-browserify
jade,transformers
uncss,css
css-parse,css
transformers,css
source-map-resolve,urix
css,urix
css,source-map-resolve
source-map-resolve,resolve-url
source-map-resolve,atob
source-map-resolve,source-map-url
less,promise
fbjs,promise
jstransformer,promise
transformers,promise
jade,jstransformer
run-async,is-promise
jstransformer,is-promise
jade,constantinople
grunt-contrib-cssmin,clean-css
gulp-minify-css,clean-css
jade,clean-css
jade,character-parser
es-abstract,is-regex
character-parser,is-regex
mocha,growl
yeoman-environment,diff
mocha,diff
backbone,underscore
nomnom,underscore
weinre,underscore
dep-graph,underscore
cordova-lib,underscore
cordova-common,underscore
cordova,underscore
gulp-less,vinyl-sourcemaps-apply
gulp-minify-css,vinyl-sourcemaps-apply
gulp-autoprefixer,vinyl-sourcemaps-apply
gulp-sass,vinyl-sourcemaps-apply
gulp-uglify,vinyl-sourcemaps-apply
gulp-uglify,uglify-save-license
gulp-uglify,deap
coa,q
cordova-serve,q
cordova-lib,q
cordova-common,q
cordova,q
html-wiring,cheerio
cheerio,jsdom
jsdom,xml-name-validator
jsdom,whatwg-url
jsdom,webidl-conversions
whatwg-url,webidl-conversions
whatwg-url,tr46
jsdom,symbol-tree
stylus,sax
aws-sdk,sax
xml2js,sax
svgo,sax
elementtree,sax
jsdom,sax
jsdom,parse5
jsdom,nwmatcher
istanbul,escodegen
ast-query,escodegen
jsdom,escodegen
eslint,optionator
escodegen,optionator
optionator,fast-levenshtein
optionator,levn
optionator,type-check
levn,type-check
optionator,prelude-ls
levn,prelude-ls
type-check,prelude-ls
optionator,deep-is
doctrine,esutils
eslint,esutils
babel-code-frame,esutils
babel-types,esutils
escodegen,esutils
esrecurse,estraverse
escope,estraverse
eslint,estraverse
escodegen,estraverse
jsdom,cssstyle
jsdom,cssom
cssstyle,cssom
broccoli-funnel,array-equal
jsdom,array-equal
jsdom,abab
domutils,dom-serializer
cheerio,dom-serializer
htmlparser2,domelementtype
domhandler,domelementtype
domutils,domelementtype
dom-serializer,domelementtype
markdown-it,entities
cheerio,entities
htmlparser2,entities
dom-serializer,entities
minimize,htmlparser2
sanitize-html,htmlparser2
jshint,htmlparser2
cheerio,htmlparser2
css-select,domutils
htmlparser2,domutils
htmlparser2,domhandler
cheerio,css-select
css-select,nth-check
css-select,boolbase
nth-check,boolbase
css-select,css-what
es6-map,es5-ext
es6-set,es5-ext
cli-color,es5-ext
memoizee,es5-ext
es6-weak-map,es5-ext
event-emitter,es5-ext
lru-queue,es5-ext
timers-ext,es5-ext
d,es5-ext
es6-iterator,es5-ext
es6-symbol,es5-ext
es6-map,es6-iterator
es6-set,es6-iterator
cli-color,es6-iterator
es6-weak-map,es6-iterator
es5-ext,es6-iterator
es6-map,d
es6-set,d
cli-color,d
memoizee,d
es6-weak-map,d
event-emitter,d
es6-symbol,d
es6-iterator,d
gulp-useref,gulp-concat
gulp-concat,concat-with-sourcemaps
passport,pause
passport,passport-strategy
nodemailer,socks
socks,smart-buffer
socks,ip
nodemailer,nodemailer-smtp-transport
nodemailer-direct-transport,smtp-connection
nodemailer-smtp-pool,smtp-connection
nodemailer-smtp-transport,smtp-connection
buildmail,nodemailer-shared
nodemailer-direct-transport,nodemailer-shared
nodemailer,nodemailer-shared
nodemailer-smtp-pool,nodemailer-shared
nodemailer-smtp-transport,nodemailer-shared
smtp-connection,nodemailer-shared
buildmail,nodemailer-fetch
nodemailer-shared,nodemailer-fetch
nodemailer-smtp-pool,nodemailer-wellknown
nodemailer-smtp-transport,nodemailer-wellknown
nodemailer,nodemailer-smtp-pool
nodemailer,nodemailer-direct-transport
nodemailer,mailcomposer
nodemailer,libmime
buildmail,libmime
mailcomposer,libmime
buildmail,libqp
libmime,libqp
buildmail,libbase64
libmime,libbase64
mailcomposer,buildmail
buildmail,addressparser
gulp-sass,node-sass
redis,redis-parser
redis,redis-commands
redis,double-ended-queue
joi,topo
hapi,topo
hapi,subtext
subtext,wreck
subtext,pez
pez,nigel
nigel,vise
subtext,content
pez,content
pez,b64
hapi,statehood
catbox,joi
heavy,joi
hapi,joi
statehood,joi
joi,isemail
hapi,items
statehood,items
hapi,iron
statehood,iron
hapi,shot
hapi,peekaboo
hapi,mimos
hapi,kilt
hapi,heavy
hapi,catbox-memory
hapi,catbox
hapi,call
hapi,ammo
hapi,accept
invariant,loose-envify
fbjs,loose-envify
react,loose-envify
babel-code-frame,js-tokens
loose-envify,js-tokens
react,fbjs
browser-sync,ua-parser-js
fbjs,ua-parser-js
fbjs,isomorphic-fetch
isomorphic-fetch,whatwg-fetch
isomorphic-fetch,node-fetch
node-fetch,encoding
babel-polyfill,core-js
babel-register,core-js
karma,core-js
babel-runtime,core-js
fbjs,core-js
fbjs,babel-plugin-syntax-flow
babel-polyfill,babel-runtime
babel-plugin-transform-es2015-template-literals,babel-runtime
babel-plugin-transform-es2015-literals,babel-runtime
babel-plugin-transform-es2015-function-name,babel-runtime
babel-plugin-transform-es2015-arrow-functions,babel-runtime
babel-plugin-transform-es2015-block-scoped-functions,babel-runtime
babel-plugin-transform-es2015-classes,babel-runtime
babel-helper-optimise-call-expression,babel-runtime
babel-helper-replace-supers,babel-runtime
babel-plugin-transform-es2015-object-super,babel-runtime
babel-plugin-transform-es2015-shorthand-properties,babel-runtime
babel-helper-define-map,babel-runtime
babel-helper-function-name,babel-runtime
babel-plugin-transform-es2015-computed-properties,babel-runtime
babel-plugin-transform-es2015-duplicate-keys,babel-runtime
babel-plugin-transform-es2015-sticky-regex,babel-runtime
babel-helper-regex,babel-runtime
babel-plugin-transform-es2015-unicode-regex,babel-runtime
babel-plugin-check-es2015-constants,babel-runtime
babel-plugin-transform-es2015-spread,babel-runtime
babel-helper-call-delegate,babel-runtime
babel-helper-hoist-variables,babel-runtime
babel-helper-get-function-arity,babel-runtime
babel-plugin-transform-es2015-parameters,babel-runtime
babel-plugin-transform-es2015-destructuring,babel-runtime
babel-plugin-transform-es2015-typeof-symbol,babel-runtime
babel-plugin-transform-es2015-modules-commonjs,babel-runtime
babel-plugin-transform-strict-mode,babel-runtime
babel-plugin-transform-es2015-block-scoping,babel-runtime
babel-plugin-syntax-async-functions,babel-runtime
babel-plugin-transform-es2015-for-of,babel-runtime
babel-plugin-transform-regenerator,babel-runtime
babel-generator,babel-runtime
babel-helpers,babel-runtime
babel-template,babel-runtime
babel-core,babel-runtime
babel-register,babel-runtime
babel-types,babel-runtime
babel-code-frame,babel-runtime
babel-messages,babel-runtime
babel-traverse,babel-runtime
babylon,babel-runtime
babel-plugin-syntax-flow,babel-runtime
karma,useragent
karma,log4js
karma,isbinaryfile
http-server,http-proxy
foxy,http-proxy
karma,http-proxy
http-proxy,requires-port
http-proxy,eventemitter3
karma,expand-braces
expand-braces,array-slice
karma,dom-serialize
dom-serialize,ent
dom-serialize,custom-event
karma,di
helmet,connect
skipper,connect
browser-sync,connect
foxy,connect
karma,connect
mini-lr,body-parser
sinopia,body-parser
tiny-lr,body-parser
karma,body-parser
express-json5,raw-body
body-parser,raw-body
compression,bytes
body-parser,bytes
raw-body,bytes
serve-index,batch
karma,batch
mysql,bignumber.js
npm-check-updates,update-notifier
cordova,update-notifier
yo,update-notifier
nodemon,update-notifier
update-notifier,semver-diff
update-notifier,latest-version
yo,package-json
latest-version,package-json
npm-keyword,registry-url
package-json,registry-url
yo,got
npm-keyword,got
download,got
gh-got,got
package-json,got
got,url-parse-lax
url-parse-lax,prepend-http
got,unzip-response
got,timed-out
got,node-status-codes
got,lowercase-keys
got,is-retry-allowed
got,is-redirect
got,is-plain-obj
got,get-stream
got,duplexer3
got,create-error-class
create-error-class,capture-stack-trace
update-notifier,is-npm
yo,configstore
insight,configstore
update-notifier,configstore
yeoman-generator,xdg-basedir
configstore,xdg-basedir
tempfile,uuid
buffer-to-vinyl,uuid
configstore,uuid
sort-on,dot-prop
configstore,dot-prop
caw,is-obj
dot-prop,is-obj
update-notifier,boxen
boxen,widest-line
boxen,filled-array
boxen,cli-boxes
nodemon,undefsafe
nodemon,touch
nodemon,lodash.defaults
nodemon,ignore-by-default
yeoman-test,yeoman-generator
yeoman-generator,yeoman-welcome
yeoman-generator,yeoman-test
yo,yeoman-environment
yeoman-generator,yeoman-environment
yeoman-test,yeoman-environment
default-browser-id,untildify
yeoman-environment,untildify
yeoman-environment,mem-fs
gulp-watch,vinyl-file
mem-fs,vinyl-file
yeoman-doctor,log-symbols
yeoman-environment,log-symbols
eslint,inquirer
yo,inquirer
insight,inquirer
yeoman-generator,inquirer
yeoman-test,inquirer
yeoman-environment,inquirer
inquirer,rx
yeoman-generator,run-async
inquirer,run-async
inquirer,readline2
maxmin,figures
logalot,figures
yo,figures
inquirer,figures
inquirer,cli-width
inquirer,cli-cursor
cli-cursor,restore-cursor
each-async,onetime
restore-cursor,onetime
restore-cursor,exit-hook
inquirer,ansi-escapes
yeoman-environment,grouped-queue
del,globby
mem-fs-editor,globby
yeoman-environment,globby
multimatch,array-union
globby,array-union
yeoman-test,sinon
formatio,samsam
sinon,samsam
sinon,lolex
sinon,formatio
yeoman-generator,yeoman-assert
yeoman-generator,read-chunk
maxmin,pretty-bytes
gulp-imagemin,pretty-bytes
yeoman-generator,pretty-bytes
yeoman-generator,mem-fs-editor
gulp-load-plugins,multimatch
mem-fs-editor,multimatch
mem-fs-editor,ejs
mem-fs-editor,commondir
gulp-replace,istextorbinary
yeoman-generator,istextorbinary
istextorbinary,textextensions
istextorbinary,binaryextensions
yeoman-generator,html-wiring
html-wiring,detect-newline
yeoman-generator,gruntfile-editor
gruntfile-editor,ast-query
ast-query,traverse
yeoman-generator,class-extend
ast-query,class-extend
yeoman-generator,github-username
github-username,gh-got
yeoman-generator,error
error,string-template
bin-build,download
bin-wrapper,download
yeoman-generator,download
download,ware
ware,wrap-fn
koa,co
composition,co
wrap-fn,co
decompress-unzip,read-all-stream
download,read-all-stream
download,is-url
download,gulp-rename
download,gulp-decompress
bin-build,decompress
gulp-decompress,decompress
decompress,vinyl-assign
decompress,decompress-unzip
extract-zip,yauzl
decompress-unzip,yauzl
multiparty,fd-slicer
yauzl,fd-slicer
fd-slicer,pend
decompress-tar,strip-dirs
decompress-tarbz2,strip-dirs
decompress-targz,strip-dirs
decompress-unzip,strip-dirs
strip-dirs,sum-up
strip-dirs,is-natural-number
decompress-unzip,stat-mode
decompress-unzip,is-zip
decompress,decompress-targz
decompress-tar,tar-stream
decompress-tarbz2,tar-stream
decompress-targz,tar-stream
decompress-targz,is-gzip
decompress,decompress-tarbz2
decompress-tarbz2,seek-bzip
decompress-tarbz2,is-bzip2
decompress,decompress-tar
decompress-tar,is-tar
imagemin,buffer-to-vinyl
decompress,buffer-to-vinyl
archive-type,file-type
buffer-to-vinyl,file-type
bin-build,archive-type
gulp-decompress,archive-type
download,filenamify
filenamify,trim-repeated
filenamify,strip-outer
filenamify,filename-reserved-regex
bin-wrapper,each-async
yeoman-doctor,each-async
download,each-async
each-async,set-immediate-shim
download,caw
caw,get-proxy
yeoman-generator,detect-conflict
yeoman-generator,dargs
yeoman-generator,cross-spawn
cross-spawn,spawn-sync
spawn-sync,os-shim
sails-generate-new,cross-spawn-async
yo,cross-spawn-async
execa,cross-spawn-async
cross-spawn,cross-spawn-async
phantomjs-prebuilt,fs-extra
phantomjs,fs-extra
sails,fs-extra
sails-disk,fs-extra
sails-generate,fs-extra
sails-generate-new,fs-extra
sails-util,fs-extra
skipper-disk,fs-extra
browser-sync,fs-extra
fs-extra,klaw
fs-extra,jsonfile
yo,yosay
yosay,taketalk
yosay,pad-component
istanbul,handlebars
sinopia,handlebars
yo,yeoman-doctor
yeoman-doctor,twig
sails,walk
twig,walk
walk,foreachasync
yeoman-doctor,object-values
bin-wrapper,bin-version-check
yeoman-doctor,bin-version-check
bin-version-check,semver-truncate
bin-version-check,bin-version
bin-version,find-versions
find-versions,semver-regex
fullname,execa
passwd-user,execa
bin-version,execa
execa,strip-eof
npm-run-path,path-key
execa,path-key
execa,npm-run-path
yo,yeoman-character
yo,titleize
yo,string-length
yo,sort-on
yo,root-check
root-check,sudo-block
downgrade-root,is-root
sudo-block,is-root
sudo-block,is-docker
root-check,downgrade-root
downgrade-root,default-uid
browser-sync,opn
yo,opn
yo,npm-keyword
yo,insight
insight,os-name
os-name,win-release
os-name,osx-release
insight,lodash.debounce
yo,humanize-string
yo,fullname
fullname,passwd-user
fullname,npmconf
npmconf,config-chain
config-chain,proto-list
yo,cli-list
autoprefixer,postcss
gulp-autoprefixer,postcss
postcss,js-base64
gulp-autoprefixer,autoprefixer
browserslist,caniuse-db
autoprefixer,caniuse-db
autoprefixer,browserslist
autoprefixer,num2fraction
autoprefixer,normalize-range
autoprefixer,postcss-value-parser
sequelize,validator
anchor,validator
cordova-lib,cordova-common
cordova,cordova-common
cordova-lib,unorm
cordova-common,unorm
browser-launcher2,plist
cordova-lib,plist
simple-plist,plist
cordova-common,plist
plist,xmldom
aws-sdk,xmlbuilder
xml2js,xmlbuilder
plist,xmlbuilder
cordova-lib,elementtree
cordova-common,elementtree
cordova-lib,cordova-registry-mapper
cordova-common,cordova-registry-mapper
default-browser-id,bplist-parser
simple-plist,bplist-parser
cordova-common,bplist-parser
bplist-parser,big-integer
cordova,cordova-lib
cordova-lib,xcode
xcode,simple-plist
simple-plist,bplist-creator
bplist-creator,stream-buffers
xcode,pegjs
cordova-lib,valid-identifier
cordova-lib,properties-parser
node-emoji,string.prototype.codepointat
properties-parser,string.prototype.codepointat
cordova-lib,init-package-json
init-package-json,promzard
cordova-lib,dep-graph
cordova-lib,cordova-serve
sinopia,compression
cordova-serve,compression
express-session,on-headers
morgan,on-headers
compression,on-headers
compression,compressible
cordova-lib,cordova-js
cordova-lib,cordova-app-hello-world
cordova-lib,aliasify
aliasify,browserify-transform-tools
browserify-transform-tools,falafel
define-properties,object-keys
falafel,object-keys
define-properties,foreach
falafel,foreach
gulp-less,less
grunt-contrib-less,less
less,image-size
memory-fs,errno
less,errno
errno,prr
browser-sync,ucfirst
browser-sync,serve-index
foxy,resp-modifier
browser-sync,resp-modifier
browser-sync,query-string
query-string,strict-uri-encode
browser-sync,portscanner
lpad-align,longest
browser-sync,longest
browser-sync,localtunnel
localtunnel,openurl
browser-sync-ui,immutable
browser-sync,immutable
browser-sync,foxy
foxy,lodash.merge
lodash.merge,lodash.isplainobject
lodash.clonedeep,lodash._baseclone
lodash.merge,lodash._baseclone
browser-sync,eazy-logger
foxy,eazy-logger
eazy-logger,tfunk
tfunk,object-path
eazy-logger,opt-merger
node-notifier,lodash.clonedeep
eazy-logger,lodash.clonedeep
browser-sync,dev-ip
foxy,dev-ip
browser-sync,emitter-steward
browser-sync,easy-extender
browser-sync,bs-recipes
browser-sync,browser-sync-ui
browser-sync-ui,weinre
browser-sync-ui,stream-throttle
stream-throttle,limiter
browser-sync-ui,connect-history-api-fallback
exec-series,async-each-series
browser-sync,async-each-series
browser-sync-ui,async-each-series
browser-sync,browser-sync-client
gulp-imagemin,through2-concurrent
gulp-imagemin,plur
plur,irregular-plurals
gulp-imagemin,imagemin
imagemin,imagemin-svgo
imagemin-svgo,svgo
svgo,csso
csso,clap
svgo,whet.extend
svgo,coa
imagemin-svgo,is-svg
imagemin,imagemin-optipng
imagemin-optipng,optipng-bin
gifsicle,logalot
jpegtran-bin,logalot
optipng-bin,logalot
logalot,squeak
squeak,lpad-align
lpad-align,lpad
squeak,console-stream
gifsicle,bin-wrapper
jpegtran-bin,bin-wrapper
optipng-bin,bin-wrapper
bin-wrapper,os-filter-obj
bin-wrapper,lazy-req
bin-wrapper,bin-check
bin-check,executable
gifsicle,bin-build
jpegtran-bin,bin-build
optipng-bin,bin-build
bin-build,url-regex
url-regex,ip-regex
exec-buffer,tempfile
bin-build,tempfile
bin-build,exec-series
imagemin-optipng,is-png
imagemin-optipng,exec-buffer
imagemin,imagemin-jpegtran
imagemin-jpegtran,jpegtran-bin
imagemin-jpegtran,is-jpg
imagemin,imagemin-gifsicle
imagemin-gifsicle,is-gif
imagemin-gifsicle,gifsicle
imagemin,optional
npm-check-updates,spawn-please
npm-check-updates,semver-utils
npm-check-updates,require-dir
npm-check-updates,npmi
npm-check-updates,node-alias
npm-check-updates,fast-diff
npm-check-updates,cint
http-server,union
http-server,portfinder
http-server,ecstatic
ecstatic,url-join
ecstatic,he
http-server,corser
gulp-minify-css,vinyl-bufferstream
vinyl-bufferstream,bufferstreams
nock,chai
deep-eql,type-detect
chai,type-detect
chai,deep-eql
chai,assertion-error
grunt-contrib-jshint,jshint
jshint,cli
morgan,basic-auth
node-inspector,v8-profiler
node-inspector,v8-debug
node-inspector,strong-data-uri
strong-data-uri,truncate
sails,serve-favicon
node-inspector,serve-favicon
node-inspector,biased-opener
biased-opener,x-default-browser
x-default-browser,default-browser-id
biased-opener,browser-launcher2
browser-launcher2,uid
browser-launcher2,win-detect-browsers
win-detect-browsers,json-stream
browser-launcher2,headless
webpack,webpack-core
webpack-core,source-list-map
webpack,watchpack
enhanced-resolve,tapable
webpack,tapable
webpack,node-libs-browser
node-libs-browser,http-browserify
http-browserify,Base64
enhanced-resolve,memory-fs
webpack,memory-fs
webpack,loader-utils
config,json5
babel-core,json5
loader-utils,json5
loader-utils,emojis-list
loader-utils,big.js
webpack,enhanced-resolve
flat-cache,del
del,is-path-in-cwd
is-path-in-cwd,is-path-inside
del,is-path-cwd
supertest,superagent
superagent,reduce-component
superagent,cookiejar
restify,formidable
superagent,formidable
bcrypt,bindings
koa,only
koa,koa-is-json
koa,koa-compose
koa,http-assert
koa,error-inject
sinopia,cookies
koa,cookies
cookies,keygrip
koa,composition
stream-to-array,any-promise
composition,any-promise
sails-hook-orm,waterline
sails,waterline
waterline,waterline-schema
sails-disk,waterline-criteria
waterline,waterline-criteria
reportback,switchback
machine,switchback
sails-util,switchback
waterline,switchback
waterline,deep-diff
waterline,anchor
anchor,geojsonhint
geojsonhint,jsonlint-lines
jsonlint-lines,JSV
jsonlint-lines,nomnom
express-session,uid-safe
sails,uid-safe
uid-safe,random-bytes
ecdsa-sig-formatter,base64-url
uid-safe,base64-url
sails,skipper
skipper,skipper-disk
skipper,multiparty
skipper,dot-access
sails,sails-util
sails,sails-stringfile
sails,sails-hook-sockets
sails-hook-sockets,uid2
sails-hook-sockets,machinepack-urls
machinepack-urls,machine
sails,rttc
sails-hook-orm,rttc
machine,rttc
machine,object-hash
machine,convert-to-ecmascript-compatible-varname
sails,sails-hook-orm
sails,sails-generate
sails-generate,sails-generate-views-jade
sails,merge-defaults
sails-generate,merge-defaults
captains-log,merge-defaults
reportback,merge-defaults
sails-generate-adapter,merge-defaults
sails-generate-api,merge-defaults
sails-generate-backend,merge-defaults
sails-generate-controller,merge-defaults
sails-generate-frontend,merge-defaults
sails-generate-generator,merge-defaults
sails-generate-gruntfile,merge-defaults
sails-generate-model,merge-defaults
sails-generate-new,merge-defaults
sails-generate-views,merge-defaults
sails-generate-views-jade,merge-defaults
sails-generate,sails-generate-views
sails-generate-frontend,sails-generate-sails.io.js
sails-generate,sails-generate-sails.io.js
sails-generate-sails.io.js,sails.io.js-dist
sails-generate,sails-generate-new
sails-generate,sails-generate-model
sails-generate,sails-generate-gruntfile
sails-generate,sails-generate-generator
sails-generate,sails-generate-frontend
sails-generate,sails-generate-controller
eslint,pluralize
sails,pluralize
sails-generate-controller,pluralize
sails-generate,sails-generate-backend
sails-generate,sails-generate-api
sails-generate,sails-generate-adapter
sails,reportback
sails-generate,reportback
reportback,captains-log
sails,sails-disk
sails-disk,waterline-cursor
sails-disk,waterline-errors
sails,sails-build-dictionary
sails,include-all
sails-build-dictionary,include-all
sails,mock-res
sails,mock-req
sails,method-override
sails,lodash.isundefined
frameguard,lodash.isstring
sails,lodash.isstring
sails,lodash.isregexp
sails,lodash.isobject
sails,lodash.isnull
helmet-csp,lodash.isfunction
sails,lodash.isfunction
sails,lodash.iserror
sails,lodash.isarray
sails,i18n
i18n,mustache
i18n,messageformat
messageformat,watchr
watchr,extract-opts
watchr,typechecker
extendr,typechecker
ambi,typechecker
eachr,typechecker
extract-opts,typechecker
typechecker,editions
extendr,esnextguardian
safefs,esnextguardian
ambi,esnextguardian
eachr,esnextguardian
extract-opts,esnextguardian
watchr,eachr
extract-opts,eachr
scandirectory,ignorefs
watchr,ignorefs
ignorefs,ignorepatterns
scandirectory,taskgroup
watchr,taskgroup
taskgroup,csextends
taskgroup,ambi
scandirectory,safefs
watchr,safefs
watchr,extendr
watchr,scandirectory
i18n,make-plural
messageformat,make-plural
i18n,math-interval-parser
table,xregexp
math-interval-parser,xregexp
sails,grunt-sync
grunt-sync,promised-io
grunt-sync,md5-file
sails,grunt-sails-linker
sails,grunt-contrib-watch
grunt-contrib-watch,tiny-lr
mini-lr,livereload-js
tiny-lr,livereload-js
mini-lr,faye-websocket
tiny-lr,faye-websocket
faye-websocket,websocket-driver
websocket-driver,websocket-extensions
grunt-contrib-watch,gaze
gaze,globule
sails,grunt-contrib-uglify
grunt-contrib-coffee,uri-path
grunt-contrib-uglify,uri-path
grunt-contrib-cssmin,maxmin
grunt-contrib-uglify,maxmin
maxmin,gzip-size
sails,grunt-contrib-less
sails,grunt-contrib-jst
sails,grunt-contrib-cssmin
sails,grunt-contrib-copy
grunt-contrib-copy,file-sync-cmp
sails,grunt-contrib-concat
sails,grunt-contrib-coffee
sails,grunt-contrib-clean
ember-cli-htmlbars,ember-cli-version-checker
ember-cli-babel,ember-cli-version-checker
broccoli-babel-transpiler,broccoli-funnel
ember-cli-babel,broccoli-funnel
broccoli-persistent-filter,walk-sync
broccoli-funnel,walk-sync
walk-sync,matcher-collection
broccoli-persistent-filter,symlink-or-copy
broccoli-merge-trees,symlink-or-copy
broccoli-plugin,symlink-or-copy
broccoli-funnel,symlink-or-copy
broccoli-persistent-filter,copy-dereference
symlink-or-copy,copy-dereference
broccoli-funnel,path-posix
broccoli-persistent-filter,fs-tree-diff
broccoli-merge-trees,fs-tree-diff
broccoli-funnel,fs-tree-diff
broccoli-merge-trees,fast-ordered-set
broccoli-funnel,fast-ordered-set
fs-tree-diff,fast-ordered-set
broccoli-persistent-filter,blank-object
broccoli-funnel,blank-object
fast-ordered-set,blank-object
broccoli-persistent-filter,broccoli-plugin
broccoli-merge-trees,broccoli-plugin
broccoli-funnel,broccoli-plugin
broccoli-plugin,quick-temp
quick-temp,mktemp
broccoli-persistent-filter,promise-map-series
broccoli-plugin,promise-map-series
async-disk-cache,rsvp
broccoli-persistent-filter,rsvp
promise-map-series,rsvp
ember-cli-babel,broccoli-babel-transpiler
broccoli-babel-transpiler,broccoli-merge-trees
broccoli-merge-trees,can-symlink
can-symlink,tmp
ember-cli-htmlbars,broccoli-persistent-filter
broccoli-babel-transpiler,broccoli-persistent-filter
broccoli-persistent-filter,md5-hex
md5-hex,md5-o-matic
broccoli-persistent-filter,hash-for-dep
broccoli-persistent-filter,broccoli-kitchen-sink-helpers
hash-for-dep,broccoli-kitchen-sink-helpers
broccoli-persistent-filter,async-disk-cache
babel-plugin-transform-regenerator,babel-core
babel-register,babel-core
broccoli-babel-transpiler,babel-core
babel-core,slash
babel-core,shebang-regex
babel-plugin-transform-regenerator,private
babel-core,private
babel-plugin-transform-regenerator,babylon
babel-template,babylon
babel-traverse,babylon
babel-core,babylon
babel-plugin-transform-es2015-function-name,babel-types
babel-plugin-transform-es2015-classes,babel-types
babel-helper-optimise-call-expression,babel-types
babel-helper-replace-supers,babel-types
babel-plugin-transform-es2015-shorthand-properties,babel-types
babel-helper-define-map,babel-types
babel-helper-function-name,babel-types
babel-plugin-transform-es2015-duplicate-keys,babel-types
babel-plugin-transform-es2015-sticky-regex,babel-types
babel-helper-regex,babel-types
babel-helper-call-delegate,babel-types
babel-helper-hoist-variables,babel-types
babel-helper-get-function-arity,babel-types
babel-plugin-transform-es2015-parameters,babel-types
babel-plugin-transform-es2015-modules-commonjs,babel-types
babel-plugin-transform-strict-mode,babel-types
babel-plugin-transform-es2015-block-scoping,babel-types
babel-plugin-transform-regenerator,babel-types
babel-generator,babel-types
babel-template,babel-types
babel-traverse,babel-types
babel-core,babel-types
babel-types,to-fast-properties
babel-plugin-transform-es2015-classes,babel-traverse
babel-helper-replace-supers,babel-traverse
babel-helper-function-name,babel-traverse
babel-plugin-transform-es2015-parameters,babel-traverse
babel-helper-call-delegate,babel-traverse
babel-plugin-transform-es2015-block-scoping,babel-traverse
babel-plugin-transform-regenerator,babel-traverse
babel-template,babel-traverse
babel-core,babel-traverse
babel-types,babel-traverse
babel-traverse,invariant
eslint,globals
babel-traverse,globals
babel-plugin-transform-es2015-classes,babel-messages
babel-helper-replace-supers,babel-messages
babel-generator,babel-messages
babel-core,babel-messages
babel-traverse,babel-messages
babel-core,babel-code-frame
babel-traverse,babel-code-frame
babel-core,babel-register
babel-register,home-or-tmp
babel-plugin-transform-es2015-classes,babel-template
babel-helper-replace-supers,babel-template
babel-helper-function-name,babel-template
babel-plugin-transform-es2015-computed-properties,babel-template
babel-plugin-transform-es2015-parameters,babel-template
babel-plugin-transform-es2015-modules-commonjs,babel-template
babel-plugin-transform-es2015-block-scoping,babel-template
babel-helpers,babel-template
babel-core,babel-template
babel-core,babel-helpers
babel-core,babel-generator
babel-generator,trim-right
babel-generator,is-integer
babel-generator,detect-indent
aws-sdk,xml2js
aws-sdk,jmespath
cli-usage,marked
express-session,crc
gulp-jshint,rcloader
rcloader,rcfinder
bunyan,dtrace-provider
restify,dtrace-provider
restify,vasync
restify,spdy
spdy,spdy-transport
hpack.js,wbuf
spdy-transport,wbuf
hpack.js,obuf
spdy-transport,obuf
spdy-transport,hpack.js
spdy,select-hose
spdy,http-deceiver
spdy,handle-thing
restify,keep-alive-agent
restify,escape-regexp-component
restify,csv
csv,csv-stringify
csv-stringify,lodash.get
lodash._baseiteratee,lodash._stringtopath
lodash.get,lodash._stringtopath
csv,stream-transform
csv,csv-parse
csv,csv-generate
sinopia,bunyan
restify,bunyan
bunyan,safe-json-stringify
bunyan,mv
restify,backoff
backoff,precond
sequelize,wkx
sequelize,toposort-class
sequelize,terraformer-wkt-parser
terraformer-wkt-parser,terraformer
sequelize,shimmer
sequelize,retry-as-promised
sequelize,inflection
pg,generic-pool
sequelize,generic-pool
sequelize,dottie
gm,array-parallel
gm,array-series
statsd,winser
winser,stdio
statsd,hashring
hashring,simple-lru-cache
hashring,connection-parse
statsd,node-syslog
gulp-inject,stream-to-array
gulp-inject,group-array
group-array,get-value
sinopia-htpasswd,crypt3
sinopia,crypt3
sinopia-htpasswd,fs-ext
sinopia,fs-ext
sinopia,sinopia-htpasswd
sinopia,render-readme
sinopia,highlight.js
render-readme,highlight.js
render-readme,sanitize-html
sanitize-html,regexp-quote
render-readme,markdown-it
linkify-it,uc.micro
markdown-it,uc.micro
markdown-it,mdurl
markdown-it,linkify-it
sinopia,lunr
sinopia,es6-shim
sinopia,express-json5
gulp-livereload,mini-lr
istanbul,fileset
gulp-watch,glob2base
glob2base,find-index
stylus,css-parse
gulp-notify,node.extend
node.extend,is
gulp-notify,node-notifier
node-notifier,shellwords
node-notifier,growly
node-notifier,cli-usage
cli-usage,marked-terminal
marked-terminal,node-emoji
marked-terminal,cardinal
cardinal,redeyed
cardinal,ansicolors
phantomjs-prebuilt,request-progress
phantomjs,request-progress
request-progress,throttleit
phantomjs-prebuilt,progress
eslint,progress
phantomjs,progress
phantomjs-prebuilt,kew
phantomjs,kew
phantomjs-prebuilt,hasha
phantomjs,hasha
phantomjs-prebuilt,extract-zip
phantomjs,extract-zip
gulp-useref,gulp-if
gulp-if,ternary-stream
phridge,fork-stream
ternary-stream,fork-stream
gulp-if,gulp-match
babel-preset-es2015,babel-plugin-transform-regenerator
babel-preset-es2015,babel-plugin-transform-es2015-for-of
babel-plugin-transform-regenerator,babel-plugin-transform-es2015-for-of
babel-plugin-transform-regenerator,babel-plugin-syntax-async-functions
babel-preset-es2015,babel-plugin-transform-es2015-block-scoping
babel-plugin-transform-regenerator,babel-plugin-transform-es2015-block-scoping
babel-preset-es2015,babel-plugin-transform-es2015-modules-commonjs
babel-plugin-transform-es2015-modules-commonjs,babel-plugin-transform-strict-mode
babel-preset-es2015,babel-plugin-transform-es2015-typeof-symbol
babel-preset-es2015,babel-plugin-transform-es2015-destructuring
babel-preset-es2015,babel-plugin-transform-es2015-parameters
babel-helper-function-name,babel-helper-get-function-arity
babel-plugin-transform-es2015-parameters,babel-helper-get-function-arity
babel-plugin-transform-es2015-parameters,babel-helper-call-delegate
babel-helper-call-delegate,babel-helper-hoist-variables
babel-preset-es2015,babel-plugin-transform-es2015-spread
babel-preset-es2015,babel-plugin-check-es2015-constants
babel-preset-es2015,babel-plugin-transform-es2015-unicode-regex
babel-plugin-transform-es2015-unicode-regex,regexpu-core
regexpu-core,regjsparser
regjsparser,jsesc
regexpu-core,regjsgen
regexpu-core,regenerate
babel-plugin-transform-es2015-sticky-regex,babel-helper-regex
babel-plugin-transform-es2015-unicode-regex,babel-helper-regex
babel-preset-es2015,babel-plugin-transform-es2015-sticky-regex
babel-preset-es2015,babel-plugin-transform-es2015-duplicate-keys
babel-preset-es2015,babel-plugin-transform-es2015-computed-properties
babel-plugin-transform-es2015-classes,babel-helper-define-map
babel-plugin-transform-es2015-computed-properties,babel-helper-define-map
babel-plugin-transform-es2015-function-name,babel-helper-function-name
babel-plugin-transform-es2015-classes,babel-helper-function-name
babel-helper-define-map,babel-helper-function-name
babel-preset-es2015,babel-plugin-transform-es2015-shorthand-properties
babel-preset-es2015,babel-plugin-transform-es2015-object-super
babel-plugin-transform-es2015-classes,babel-helper-replace-supers
babel-plugin-transform-es2015-object-super,babel-helper-replace-supers
babel-plugin-transform-es2015-classes,babel-helper-optimise-call-expression
babel-helper-replace-supers,babel-helper-optimise-call-expression
babel-preset-es2015,babel-plugin-transform-es2015-classes
babel-preset-es2015,babel-plugin-transform-es2015-block-scoped-functions
babel-preset-es2015,babel-plugin-transform-es2015-arrow-functions
babel-preset-es2015,babel-plugin-transform-es2015-function-name
babel-preset-es2015,babel-plugin-transform-es2015-literals
babel-preset-es2015,babel-plugin-transform-es2015-template-literals
fobject,when
accord,when
pg,pgpass
pg,pg-types
pg-types,postgres-interval
pg-types,postgres-date
pg-types,postgres-bytea
pg-types,postgres-array
pg-types,ap
pg,pg-connection-string
pg,packet-reader
pg,buffer-writer
helmet,x-xss-protection
helmet,nocache
helmet,ienoopen
helmet,hsts
helmet,hpkp
helmet,hide-powered-by
helmet,helmet-csp
helmet-csp,lodash.some
lodash.reduce,lodash._baseiteratee
lodash.some,lodash._baseiteratee
lodash.reduce,lodash._baseeach
lodash.some,lodash._baseeach
helmet-csp,lodash.reduce
lodash.reduce,lodash._basereduce
helmet-csp,content-security-policy-builder
content-security-policy-builder,dashify
helmet-csp,camelize
helmet,frameguard
helmet,dont-sniff-mimetype
helmet,dns-prefetch-control
gulp-useref,useref
gulp-useref,is-relative-url
uncss,is-absolute-url
is-relative-url,is-absolute-url
gulp-minify-html,minimize
minimize,emits
minimize,diagnostics
diagnostics,kuler
kuler,colornames
diagnostics,enabled
enabled,env-variable
diagnostics,colorspace
colorspace,text-hex
colorspace,color
color,color-string
color-string,simple-swizzle
color-string,color-name
color,color-convert
minimize,cli-color
memoizee,timers-ext
cli-color,timers-ext
memoizee,next-tick
timers-ext,next-tick
cli-color,memoizee
memoizee,lru-queue
es6-set,event-emitter
es6-map,event-emitter
memoizee,event-emitter
escope,es6-weak-map
memoizee,es6-weak-map
minimize,argh
should-equal,should-type
should-format,should-type
should,should-type
should,should-format
should,should-equal
node-schedule,long-timeout
node-schedule,cron-parser
eslint,table
table,slice-ansi
eslint,require-uncached
require-uncached,caller-path
caller-path,caller-callsite
caller-callsite,callsites
eslint,is-resolvable
is-resolvable,tryit
eslint,ignore
eslint,file-entry-cache
file-entry-cache,flat-cache
flat-cache,write
write,try-open
flat-cache,read-json-sync
eslint,espree
espree,acorn-jsx
eslint,escope
escope,esrecurse
eslint,es6-map
escope,es6-map
es6-map,es6-set
eslint,doctrine
tape,string.prototype.trim
string.prototype.trim,es-abstract
es-abstract,es-to-primitive
es-to-primitive,is-symbol
es-to-primitive,is-date-object
es-abstract,is-callable
es-to-primitive,is-callable
string.prototype.trim,define-properties
tape,resumer
tape,object-inspect
multer,busboy
busboy,dicer
dicer,streamsearch
multer,append-field
watchify,outpipe
gulp-less,accord
accord,indx
accord,fobject
gulp-replace,replacestream
nock,propagate
jsonwebtoken,jws
jws,jwa
jwa,ecdsa-sig-formatter
jwa,buffer-equal-constant-time
jws,base64url
jwa,base64url
gulp-uncss,uncss
uncss,phridge
phridge,temp
phridge,phantomjs-prebuilt
phridge,linerstream
uncss,is-html
is-html,html-tags
babel-polyfill,babel-regenerator-runtime
